{
  "pair_indices": [
    [
      580,
      435
    ],
    [
      349,
      184
    ],
    [
      210,
      27
    ],
    [
      51,
      11
    ],
    [
      802,
      1238
    ],
    [
      1126,
      1306
    ],
    [
      1026,
      1097
    ],
    [
      2028,
      1863
    ],
    [
      1797,
      1736
    ],
    [
      1747,
      2003
    ],
    [
      568,
      1670
    ],
    [
      1373,
      5
    ],
    [
      807,
      1755
    ],
    [
      1135,
      68
    ],
    [
      1733,
      359
    ],
    [
      182,
      1767
    ],
    [
      45,
      1108
    ],
    [
      825,
      57
    ],
    [
      16,
      1373
    ],
    [
      526,
      1260
    ],
    [
      498,
      835
    ],
    [
      498,
      1355
    ],
    [
      498,
      833
    ],
    [
      1207,
      1891
    ],
    [
      498,
      840
    ]
  ],
  "euclidean": [
    0.5238533616065979,
    0.225088968873024,
    0.6380645632743835,
    0.1079544797539711,
    4.854103088378906,
    2.297769546508789,
    3.2731151580810547,
    0.8925120234489441,
    0.6493737101554871,
    0.5495355129241943,
    2.7469160556793213,
    2.3122072219848633,
    2.3324625492095947,
    2.14668869972229,
    2.0442748069763184,
    1.731825828552246,
    3.849583625793457,
    3.127431631088257,
    3.1036977767944336,
    5.346693992614746,
    4.9696221351623535,
    5.083474636077881,
    4.949675559997559,
    2.5093181133270264,
    5.110405445098877
  ],
  "geodesic": [
    1.134163938281281,
    1.1090577437534495,
    1.2694001584961838,
    1.086966486760776,
    3.8719988860845933,
    2.5248934203967486,
    2.823489695215918,
    1.9921805587348438,
    1.4242923016579616,
    1.4967146498897443,
    3.422159818875754,
    3.9893058633887026,
    3.3011860074503727,
    3.415390908472736,
    3.5753753625107842,
    3.4940919057094697,
    5.972806341107914,
    6.109873875691336,
    4.483978360276152,
    6.303065435216046,
    6.984624324845862,
    7.245152661681081,
    6.909573821024246,
    3.972470679586056,
    7.2782332429088585
  ]
}