{
  "train_loss": [
    496.605714865511,
    398.19812749506355,
    381.57686740749483,
    370.57704261341956,
    357.0896539746332,
    340.5403347364712,
    328.5165774167239,
    318.0529013087607,
    308.08773561507934,
    298.399904057802,
    288.8405556032509,
    279.1589097988329,
    268.1963160401881,
    256.5867046500591,
    245.44171461168227,
    234.89021668300234,
    225.11374788202792,
    215.64105673616476,
    206.20717131785858,
    196.84889277084406,
    187.6859364492116,
    178.50318124326304,
    169.7804421039437,
    160.81505417969348,
    151.70494137345943,
    143.09176348824786,
    134.5140177967784,
    125.98177719581986,
    117.37853460812597,
    109.01952371376046,
    101.32015001904834,
    93.01974116547785,
    84.68711435692941,
    76.27759094610902,
    68.59994157504686,
    60.730865068633626,
    52.78064228472401,
    45.11219708415906,
    37.87102373703059,
    30.247322327051407,
    22.402179140456575,
    15.231572347974021,
    8.086516947391123,
    0.9429453602640621,
    -6.265102754436861,
    -13.827610772753518,
    -20.635494872618363,
    -27.449818207085205,
    -34.332553933391644,
    -40.49881967490992,
    -47.06663522033319
  ],
  "train_elbo": [
    -496.605714865511,
    -398.19812749506355,
    -381.57686740749483,
    -370.57704261341956,
    -357.0896539746332,
    -340.5403347364712,
    -328.5165774167239,
    -318.0529013087607,
    -308.08773561507934,
    -298.399904057802,
    -288.8405556032509,
    -279.1589097988329,
    -268.1963160401881,
    -256.5867046500591,
    -245.44171461168227,
    -234.89021668300234,
    -225.11374788202792,
    -215.64105673616476,
    -206.20717131785858,
    -196.84889277084406,
    -187.6859364492116,
    -178.50318124326304,
    -169.7804421039437,
    -160.81505417969348,
    -151.70494137345943,
    -143.09176348824786,
    -134.5140177967784,
    -125.98177719581986,
    -117.37853460812597,
    -109.01952371376046,
    -101.32015001904834,
    -93.01974116547785,
    -84.68711435692941,
    -76.27759094610902,
    -68.59994157504686,
    -60.730865068633626,
    -52.78064228472401,
    -45.11219708415906,
    -37.87102373703059,
    -30.247322327051407,
    -22.402179140456575,
    -15.231572347974021,
    -8.086516947391123,
    -0.9429453602640621,
    6.265102754436861,
    13.827610772753518,
    20.635494872618363,
    27.449818207085205,
    34.332553933391644,
    40.49881967490992,
    47.06663522033319
  ],
  "train_recon_log_prob": [
    -493.9936652364021,
    -395.9119432982653,
    -381.4655963306171,
    -370.0349922226753,
    -355.0700016976567,
    -337.90103600284266,
    -326.4306919344761,
    -315.71118406265504,
    -305.76843802017754,
    -295.90973887833627,
    -286.28329594464236,
    -276.49314863603195,
    -264.7367063343016,
    -252.73720223563058,
    -241.47492189139527,
    -230.65633139883934,
    -220.7186059637384,
    -211.23954051929516,
    -201.6254585089119,
    -192.0574683444404,
    -183.10496988634196,
    -173.66566767244257,
    -164.91890797597586,
    -155.8779048896389,
    -146.84390297914163,
    -138.03511926746484,
    -129.48731163686304,
    -120.7741948035756,
    -112.14438980344742,
    -103.84474526802407,
    -95.98803031837548,
    -87.75358320708968,
    -79.15823896172864,
    -70.94926099113492,
    -62.9763802841615,
    -55.13491682488112,
    -47.258203341119604,
    -39.54460597009158,
    -32.0280140235165,
    -24.64258132254539,
    -16.49794572031396,
    -9.487818914164263,
    -2.1397796658223656,
    4.824840347699921,
    12.29894168327434,
    19.73016143281818,
    26.667613368331295,
    33.57292308038844,
    40.59805570329939,
    46.652493342957364,
    53.31892584124182
  ],
  "train_kl": [
    2.6120547057653667,
    2.286190837130442,
    0.11127546671618763,
    0.5420525561613332,
    2.0196516956310715,
    2.639303062716101,
    2.085884895662394,
    2.3417134008419236,
    2.319301490236406,
    2.4901621801658136,
    2.557255683801113,
    2.665759435649029,
    3.4596145464532686,
    3.849498765081422,
    3.9667938247559564,
    4.23388542156662,
    4.395137107998169,
    4.401516262864892,
    4.581715048160017,
    4.791429724594321,
    4.5809667101709834,
    4.837508942181374,
    4.861533276181809,
    4.937152630243546,
    4.861036324530149,
    5.056639601459433,
    5.026703639490409,
    5.207582650167165,
    5.234144571791056,
    5.174781238639747,
    5.332121399587182,
    5.26615889750703,
    5.528877725822439,
    5.328332786303882,
    5.6235606120182915,
    5.595947171305562,
    5.5224396876799755,
    5.56759163573548,
    5.843009236094716,
    5.60474067729908,
    5.904233129033239,
    5.743753493778289,
    5.946737352308336,
    5.767785868219694,
    6.0338390254857925,
    5.902550425430503,
    6.032118659898621,
    6.123105476481865,
    6.265501629010807,
    6.153673280871977,
    6.252290851467258
  ],
  "eval_loss": [
    418.03079417158915,
    389.3298926376715,
    378.85566897508573,
    367.2069041182355,
    349.7026355278201,
    334.85641122213224,
    324.4350517459032,
    314.27118515386815,
    304.0984986840225,
    294.5812465760766,
    285.137394751572,
    274.9993598751905,
    263.0345229730373,
    252.5739206453649,
    241.63998442859184,
    232.10607329577934,
    221.98352281523913,
    212.93549901450552,
    203.97960339057735,
    194.22717865734566,
    185.17657768435595,
    176.09393615722655,
    167.59289431688262,
    159.0418233731898,
    150.1129244920684,
    142.06086366234757,
    133.72756652832032,
    125.18481043373666,
    117.32185348882908,
    109.75212848942455,
    101.9063663017459,
    93.1672367747237,
    85.50993596518911,
    77.72637116967178,
    71.03786364299495,
    62.94099135980373,
    55.43377629722037,
    48.3276031121975,
    41.056188815977514,
    33.354651418546354,
    26.532242714486472,
    19.40902047506193,
    14.138636049410191,
    6.552818372772961,
    -0.3494159175128472,
    -7.493965265227527,
    -12.59429576455093,
    -19.43382517186607,
    -25.66648882423959,
    -29.831452616249642,
    -38.44600438373845
  ],
  "eval_elbo": [
    -418.03079417158915,
    -389.3298926376715,
    -378.85566897508573,
    -367.2069041182355,
    -349.7026355278201,
    -334.85641122213224,
    -324.4350517459032,
    -314.27118515386815,
    -304.0984986840225,
    -294.5812465760766,
    -285.137394751572,
    -274.9993598751905,
    -263.0345229730373,
    -252.5739206453649,
    -241.63998442859184,
    -232.10607329577934,
    -221.98352281523913,
    -212.93549901450552,
    -203.97960339057735,
    -194.22717865734566,
    -185.17657768435595,
    -176.09393615722655,
    -167.59289431688262,
    -159.0418233731898,
    -150.1129244920684,
    -142.06086366234757,
    -133.72756652832032,
    -125.18481043373666,
    -117.32185348882908,
    -109.75212848942455,
    -101.9063663017459,
    -93.1672367747237,
    -85.50993596518911,
    -77.72637116967178,
    -71.03786364299495,
    -62.94099135980373,
    -55.43377629722037,
    -48.3276031121975,
    -41.056188815977514,
    -33.354651418546354,
    -26.532242714486472,
    -19.40902047506193,
    -14.138636049410191,
    -6.552818372772961,
    0.3494159175128472,
    7.493965265227527,
    12.59429576455093,
    19.43382517186607,
    25.66648882423959,
    29.831452616249642,
    38.44600438373845
  ],