{
  "pair_indices": [
    [
      580,
      435
    ],
    [
      349,
      184
    ],
    [
      210,
      27
    ],
    [
      51,
      11
    ],
    [
      802,
      1238
    ],
    [
      1126,
      1306
    ],
    [
      1026,
      1097
    ],
    [
      2028,
      1863
    ],
    [
      1797,
      1736
    ],
    [
      1747,
      2003
    ],
    [
      568,
      1670
    ],
    [
      1373,
      5
    ],
    [
      807,
      1755
    ],
    [
      1135,
      68
    ],
    [
      1733,
      359
    ],
    [
      182,
      1767
    ],
    [
      45,
      1108
    ],
    [
      825,
      57
    ],
    [
      16,
      1373
    ],
    [
      526,
      1260
    ],
    [
      498,
      835
    ],
    [
      498,
      1355
    ],
    [
      498,
      833
    ],
    [
      1207,
      1891
    ],
    [
      498,
      840
    ]
  ],
  "euclidean": [
    0.5341871380805969,
    0.25533396005630493,
    0.5845658779144287,
    0.1135043278336525,
    3.9786746501922607,
    2.111239433288574,
    2.6476099491119385,
    1.7739841938018799,
    0.9559468626976013,
    0.5123291611671448,
    1.2702020406723022,
    1.7148147821426392,
    2.8389010429382324,
    2.352362871170044,
    1.6032559871673584,
    4.737753868103027,
    3.88832426071167,
    2.436932325363159,
    2.940565347671509,
    5.243666172027588,
    4.712832450866699,
    4.832300186157227,
    4.668879985809326,
    4.454187870025635,
    4.723391532897949
  ],
  "geodesic": [
    1.2096969649058666,
    1.1149270190316152,
    1.2691324869530751,
    0.9591201717156246,
    3.3631462752387598,
    2.196749071226296,
    2.3665554096594748,
    2.816951958091937,
    1.5931889911668726,
    1.4354327720916016,
    2.1991057832748098,
    2.934640669653672,
    3.280334199533993,
    3.7070171006217056,
    2.883017597294299,
    4.767472306217599,
    5.456173282534022,
    4.0858635102496565,
    4.31956213286177,
    6.4621852421799275,
    6.2002035415217485,
    6.24129673566535,
    6.080642767107902,
    5.016511927823662,
    6.142848265125031
  ]
}