{
  "train_loss": [
    499.4461171728933,
    399.79295466496393,
    381.6187852573045,
    370.49966970963067,
    357.2747930915655,
    341.6729052943042,
    328.9766189891922,
    318.6104965489426,
    308.27694929446636,
    298.4106763902601,
    288.5539295909169,
    277.41277465075075,
    266.023182553395,
    255.9531552381131,
    245.76349141513327,
    235.5621138725234,
    225.11398263262888,
    215.07929198995177,
    205.14446822132675,
    195.54400577009525,
    186.16401059403378,
    176.92187188862297,
    168.0230435475034,
    159.18047328105922,
    150.29828389485678,
    141.6309561816764,
    133.0157733400226,
    124.42075096381889,
    115.85824547698937,
    107.65105845319773,
    99.42965851947937,
    91.10780005635505,
    82.78213381738162,
    74.53312527536617,
    66.6938838236789,
    59.13269546937302,
    51.07590844663217,
    43.22544182205666,
    35.52759039649451,
    27.822249881804936,
    20.59958034906632,
    12.948044005476657,
    5.899235633812545,
    -1.7762814161978362,
    -8.99045624881437,
    -16.01552842388223,
    -23.072443145826476,
    -29.848899089081964,
    -36.47421299581563,
    -43.1280037270943,
    -49.95885376237396
  ],
  "train_elbo": [
    -499.4461171728933,
    -399.79295466496393,
    -381.6187852573045,
    -370.49966970963067,
    -357.2747930915655,
    -341.6729052943042,
    -328.9766189891922,
    -318.6104965489426,
    -308.27694929446636,
    -298.4106763902601,
    -288.5539295909169,
    -277.41277465075075,
    -266.023182553395,
    -255.9531552381131,
    -245.76349141513327,
    -235.5621138725234,
    -225.11398263262888,
    -215.07929198995177,
    -205.14446822132675,
    -195.54400577009525,
    -186.16401059403378,
    -176.92187188862297,
    -168.0230435475034,
    -159.18047328105922,
    -150.29828389485678,
    -141.6309561816764,
    -133.0157733400226,
    -124.42075096381889,
    -115.85824547698937,
    -107.65105845319773,
    -99.42965851947937,
    -91.10780005635505,
    -82.78213381738162,
    -74.53312527536617,
    -66.6938838236789,
    -59.13269546937302,
    -51.07590844663217,
    -43.22544182205666,
    -35.52759039649451,
    -27.822249881804936,
    -20.59958034906632,
    -12.948044005476657,
    -5.899235633812545,
    1.7762814161978362,
    8.99045624881437,
    16.01552842388223,
    23.072443145826476,
    29.848899089081964,
    36.47421299581563,
    43.1280037270943,
    49.95885376237396
  ],
  "train_recon_log_prob": [
    -498.03526989910046,
    -397.118409581819,
    -381.45238825573296,
    -369.50592055920424,
    -355.4348629309872,
    -339.0084447616186,
    -326.7057303590507,
    -316.2256167531741,
    -305.8088040939909,
    -295.7747352609413,
    -285.8117240933708,
    -274.018071064,
    -262.25977110251404,
    -252.0683823842851,
    -241.73011362450754,
    -231.25838182610033,
    -220.68514591724735,
    -210.45956204778835,
    -200.50938085758642,
    -190.78641786680117,
    -181.399171356462,
    -172.12825084867933,
    -163.21912237779853,
    -154.24851995335393,
    -145.38296424949561,
    -136.58680719508357,
    -128.05343519869888,
    -119.3301517081348,
    -110.6494878505758,
    -102.45267350565965,
    -94.17572119297125,
    -85.79519342182611,
    -77.36485811263796,
    -69.0630867460854,
    -61.301055912860875,
    -53.529608762599025,
    -45.5181770604172,
    -37.58803925846086,
    -29.83071805793287,
    -21.992104147234535,
    -14.798941421858121,
    -7.173394772595975,
    0.055949713575388776,
    7.81962334745824,
    14.889067949101747,
    22.211242210006247,
    29.14179331042391,
    36.07127197321518,
    42.59873158008916,
    49.32969099610717,
    56.3202630160638
  ],
  "train_kl": [
    1.4108431908200803,
    2.674548567633198,
    0.1663987139860789,
    0.993753466414008,
    1.8399390108856088,
    2.664462043834402,
    2.2708994859013076,
    2.384884110882751,
    2.4681491583986013,
    2.635938065101521,
    2.7422009437221018,
    3.3947018331078236,
    3.7634090774661892,
    3.8847758662278546,
    4.033378030499842,
    4.303732359656776,
    4.42883963928409,
    4.619726923941402,
    4.635088386116447,
    4.7575851575504435,
    4.764840156312973,
    4.7936175262535015,
    4.803920294047858,
    4.93195612351973,
    4.915317733354766,
    5.044146401541574,
    4.962335504455007,
    5.090598268823309,
    5.208760195162707,
    5.198385313171461,
    5.253936967861375,
    5.3126055463620885,
    5.417275527166942,
    5.470038044292557,
    5.392829519488436,
    5.6030866171123055,
    5.557731072981279,
    5.637401856782236,
    5.696871436704791,
    5.830146054790716,
    5.8006388154221975,
    5.77464878573668,
    5.955185267223689,
    6.043342128632561,
    5.898611938560402,
    6.195713779137393,
    6.069350433000278,
    6.222372771764995,
    6.12451970329797,
    6.201687448336237,
    6.361409804468772
  ],
  "eval_loss": [
    420.1871190513053,
    389.7172500238186,
    377.540654177782,
    365.48153195264865,
    350.3126777462843,
    335.32905511623477,
    324.5820002858232,
    314.4457062511909,
    304.3284282405202,
    294.17701043850036,
    283.69267607898246,
    272.3214857147961,
    261.3791229992378,
    251.7199791885004,
    241.55419594369283,
    231.47099170219607,
    221.2110432694598,
    211.77849269959984,
    201.8832438399152,
    193.2107048220751,
    183.3948105974895,
    174.79836098275533,
    165.93509692680544,
    157.6143555431831,
    149.17116885301544,
    140.97711218857182,
    132.33639370057642,
    123.968400275998,
    116.04931834151105,
    108.1756197301353,
    100.44882585478992,
    92.20446014404297,
    83.8954478194074,
    76.35789947509765,
    69.87230641434833,
    61.39296149277106,
    54.19785059486947,
    46.72109914640101,
    39.50289693692835,
    32.74214086765196,
    25.634817476970394,
    18.521817193380215,
    11.527384204399295,
    4.815062888075666,
    -1.7954560779943698,
    -8.094593969205532,
    -15.088010732139029,
    -21.582680306783537,
    -27.20554915637505,
    -33.45736883209973,
    -40.303807551686354
  ],
  "eval_elbo": [
    -420.1871190513053,
    -389.7172500238186,
    -377.540654177782,
    -365.48153195264865,
    -350.3126777462843,
    -335.32905511623477,
    -324.5820002858232,
    -314.4457062511909,
    -304.3284282405202,
    -294.17701043850036,
    -283.69267607898246,
    -272.3214857147961,
    -261.3791229992378,
    -251.7199791885004,
    -241.55419594369283,
    -231.47099170219607,
    -221.2110432694598,
    -211.77849269959984,
    -201.8832438399152,
    -193.2107048220751,
    -183.3948105974895,
    -174.79836098275533,
    -165.93509692680544,
    -157.6143555431831,
    -149.17116885301544,
    -140.97711218857182,
    -132.33639370057642,
    -123.968400275998,
    -116.04931834151105,
    -108.1756197301353,
    -100.44882585478992,
    -92.20446014404297,
    -83.8954478194074,
    -76.35789947509765,
    -69.87230641434833,
    -61.39296149277106,
    -54.19785059486947,
    -46.72109914640101,
    -39.50289693692835,
    -32.74214086765196,
    -25.634817476970394,
    -18.521817193380215,
    -11.527384204399295,
    -4.815062888075666,
    1.7954560779943698,
    8.094593969205532,
    15.088010732139029,
    21.582680306783537,
    27.20554915637505,
    33.45736883209973,
    40.303807551686354
  ],