{
  "pair_indices": [
    [
      580,
      435
    ],
    [
      349,
      184
    ],
    [
      210,
      27
    ],
    [
      51,
      11
    ],
    [
      802,
      1238
    ],
    [
      1126,
      1306
    ],
    [
      1026,
      1097
    ],
    [
      2028,
      1863
    ],
    [
      1797,
      1736
    ],
    [
      1747,
      2003
    ],
    [
      568,
      1670
    ],
    [
      1373,
      5
    ],
    [
      807,
      1755
    ],
    [
      1135,
      68
    ],
    [
      1733,
      359
    ],
    [
      182,
      1767
    ],
    [
      45,
      1108
    ],
    [
      825,
      57
    ],
    [
      16,
      1373
    ],
    [
      526,
      1260
    ],
    [
      498,
      835
    ],
    [
      498,
      1355
    ],
    [
      498,
      833
    ],
    [
      1207,
      1891
    ],
    [
      498,
      840
    ]
  ],
  "euclidean": [
    0.4788292348384857,
    0.2055053412914276,
    0.5692281723022461,
    0.08447378873825073,
    4.444863796234131,
    2.3477115631103516,
    2.707089900970459,
    1.7863959074020386,
    0.9393219351768494,
    0.43050432205200195,
    2.2888505458831787,
    2.5304853916168213,
    2.332972764968872,
    2.0255913734436035,
    2.146486282348633,
    2.4357733726501465,
    3.1978323459625244,
    2.7369213104248047,
    3.0730762481689453,
    5.653270244598389,
    4.578307628631592,
    4.530644416809082,
    4.598198890686035,
    1.7268389463424683,
    4.501308917999268
  ],
  "geodesic": [
    1.1263495933199739,
    1.010078780057277,
    1.2240804354318067,
    1.1080573947893673,
    3.7733567507615904,
    2.3588692836792275,
    2.38861338433856,
    3.1684118447834497,
    1.6103132901521977,
    1.1644982156146126,
    2.6671412065597053,
    4.594874653066455,
    2.9532025039432828,
    3.294192990475223,
    4.265414166392785,
    4.045234259198346,
    4.564600839701722,
    4.179374212484855,
    5.394320871282456,
    7.322884774353413,
    6.130112052254295,
    6.0615790542649455,
    6.152233071921141,
    3.4837320187819447,
    6.0347801511047585
  ]
}