{
  "train_loss": [
    496.5260781461648,
    398.69103072356245,
    381.50521802145335,
    370.43107543498166,
    357.25184137626155,
    341.85574679904516,
    329.6988267164964,
    319.0699281424684,
    308.95990381485376,
    298.9818165538075,
    289.057127900176,
    277.7459240961133,
    265.9584696377299,
    255.08146285544967,
    244.3265411041595,
    234.18530996320303,
    224.25907907264718,
    214.7402135828039,
    205.54857539548397,
    196.460934425885,
    187.4368862203335,
    178.3674810872992,
    169.33682940323564,
    160.8260266277234,
    151.82678349347051,
    143.36194596622454,
    134.58976000365465,
    125.71845293801928,
    117.31053024683243,
    108.96660588861822,
    100.81089215400891,
    92.35935552128942,
    84.37296226231315,
    76.1216572073353,
    67.98372415395883,
    60.0307374332414,
    52.65541028219556,
    44.55568409548283,
    37.223458701146534,
    29.50076756227002,
    21.806085789159976,
    14.589782223451124,
    7.2120483780373,
    0.2904886879181542,
    -7.10872681586297,
    -14.029913698506151,
    -20.51987695519304,
    -27.155756366995227,
    -34.25440764747405,
    -40.93525284055679
  ],
  "train_elbo": [
    -496.5260781461648,
    -398.69103072356245,
    -381.50521802145335,
    -370.43107543498166,
    -357.25184137626155,
    -341.85574679904516,
    -329.6988267164964,
    -319.0699281424684,
    -308.95990381485376,
    -298.9818165538075,
    -289.057127900176,
    -277.7459240961133,
    -265.9584696377299,
    -255.08146285544967,
    -244.3265411041595,
    -234.18530996320303,
    -224.25907907264718,
    -214.7402135828039,
    -205.54857539548397,
    -196.460934425885,
    -187.4368862203335,
    -178.3674810872992,
    -169.33682940323564,
    -160.8260266277234,
    -151.82678349347051,
    -143.36194596622454,
    -134.58976000365465,
    -125.71845293801928,
    -117.31053024683243,
    -108.96660588861822,
    -100.81089215400891,
    -92.35935552128942,
    -84.37296226231315,
    -76.1216572073353,
    -67.98372415395883,
    -60.0307374332414,
    -52.65541028219556,
    -44.55568409548283,
    -37.223458701146534,
    -29.50076756227002,
    -21.806085789159976,
    -14.589782223451124,
    -7.2120483780373,
    -0.2904886879181542,
    7.10872681586297,
    14.029913698506151,
    20.51987695519304,
    27.155756366995227,
    34.25440764747405,
    40.93525284055679
  ],
  "train_recon_log_prob": [
    -492.6623694637611,
    -395.708002856654,
    -381.3581828768291,
    -369.6797334440462,
    -354.9055324456631,
    -339.33479266230734,
    -327.2619499607109,
    -316.4201243939708,
    -306.12095606690946,
    -296.037108033568,
    -285.9779976831979,
    -274.0876717107491,
    -261.89100250132356,
    -250.87037645649707,
    -240.0457775409405,
    -229.67143461905118,
    -219.7372600103618,
    -210.17437742277525,
    -200.88028736603565,
    -191.7317108042511,
    -182.66971557393614,
    -173.5044684031653,
    -164.45971955426302,
    -155.93197479061737,
    -146.85709044813964,
    -138.2419150961479,
    -129.3438462663774,
    -120.44325595431857,
    -112.06296743316092,
    -103.60089306953626,
    -95.3657461592566,
    -86.96842590443818,
    -78.84482346233139,
    -70.50435701773135,
    -62.355405749273245,
    -54.38921716711023,
    -46.94585966452574,
    -38.88375211722685,
    -31.39231680659293,
    -23.83968658121223,
    -15.849651117755672,
    -8.696984668354412,
    -1.1077040275229058,
    5.668332019568363,
    13.12840853214846,
    20.106996512966134,
    26.65168669983581,
    33.35856681050544,
    40.44017880245297,
    47.20864185803685
  ],
  "train_kl": [
    3.863714640794074,
    2.983019393187594,
    0.14703254303434393,
    0.7513416267576671,
    2.3463143845326444,
    2.520958406439049,
    2.436877045148167,
    2.649813521330464,
    2.838945748605134,
    2.944704208909665,
    3.0791254346332853,
    3.6582535512572534,
    4.067468518011445,
    4.211088611383869,
    4.2807675362797735,
    4.513875536284021,
    4.521815350640824,
    4.565842272161127,
    4.6682862926897695,
    4.729225559840127,
    4.76717103881277,
    4.863014843583253,
    4.877107121860006,
    4.89405261960804,
    4.969693515763614,
    5.120033067952437,
    5.245910069881341,
    5.2751976241413345,
    5.247564110272679,
    5.365713871733464,
    5.445145800873473,
    5.390929487598685,
    5.528138047755128,
    5.617297924190796,
    5.628320877950852,
    5.641520312126448,
    5.709550320156037,
    5.671932507492829,
    5.831141715230231,
    5.661081248878414,
    5.956433881915678,
    5.892797450879555,
    6.104344577579708,
    5.958820858281174,
    6.019681946844117,
    6.077082468039824,
    6.131809089064452,
    6.2028107194819,
    6.185771139841231,
    6.273389039022145
  ],
  "eval_loss": [
    420.31462938262194,
    389.44417545969895,
    377.89586062547636,
    364.07761453768103,
    349.6433958472275,
    336.1884058510385,
    324.9558753036871,
    314.88504594012005,
    304.8138676340987,
    294.6562657798209,
    284.7297555318693,
    272.3312927246094,
    261.70940373118333,
    251.37677969583652,
    241.145423479778,
    231.28046227431878,
    221.4425694907584,
    212.17610094023914,
    203.19349067501906,
    194.12138947277535,
    185.86134517018388,
    177.18637732529058,
    167.5437761260242,
    159.69698255585462,
    150.98640575874143,
    142.798261837843,
    134.41286896496285,
    126.12298866830221,
    117.76651626214749,
    109.61117103390578,
    102.06841211086366,
    94.35247858559212,
    86.3081034962724,
    78.16347756734709,
    70.38244089266149,
    64.02564204146222,
    55.44551920076696,
    49.39168632321241,
    42.69984711437691,
    34.47668282113424,
    27.3692365227676,
    20.849186320421172,
    14.155102022682748,
    8.635162139520412,
    0.9563118469424364,
    -5.178308928885111,
    -11.888851361158418,
    -16.953765515583317,
    -23.974465002664704,
    -30.679086378144056
  ],
  "eval_elbo": [
    -420.31462938262194,
    -389.44417545969895,
    -377.89586062547636,
    -364.07761453768103,
    -349.6433958472275,
    -336.1884058510385,
    -324.9558753036871,
    -314.88504594012005,
    -304.8138676340987,
    -294.6562657798209,
    -284.7297555318693,
    -272.3312927246094,
    -261.70940373118333,
    -251.37677969583652,
    -241.145423479778,
    -231.28046227431878,
    -221.4425694907584,
    -212.17610094023914,
    -203.19349067501906,
    -194.12138947277535,
    -185.86134517018388,
    -177.18637732529058,
    -167.5437761260242,
    -159.69698255585462,
    -150.98640575874143,
    -142.798261837843,
    -134.41286896496285,
    -126.12298866830221,
    -117.76651626214749,
    -109.61117103390578,
    -102.06841211086366,
    -94.35247858559212,
    -86.3081034962724,
    -78.16347756734709,
    -70.38244089266149,
    -64.02564204146222,
    -55.44551920076696,
    -49.39168632321241,
    -42.69984711437691,
    -34.47668282113424,
    -27.3692365227676,
    -20.849186320421172,
    -14.155102022682748,
    -8.635162139520412,
    -0.9563118469424364,
    5.178308928885111,
    11.888851361158418,
    16.953765515583317,
    23.974465002664704,
    30.679086378144056
  ],