{
  "pair_indices": [
    [
      580,
      435
    ],
    [
      349,
      184
    ],
    [
      210,
      27
    ],
    [
      51,
      11
    ],
    [
      802,
      1238
    ],
    [
      1126,
      1306
    ],
    [
      1026,
      1097
    ],
    [
      2028,
      1863
    ],
    [
      1797,
      1736
    ],
    [
      1747,
      2003
    ],
    [
      568,
      1670
    ],
    [
      1373,
      5
    ],
    [
      807,
      1755
    ],
    [
      1135,
      68
    ],
    [
      1733,
      359
    ],
    [
      182,
      1767
    ],
    [
      45,
      1108
    ],
    [
      825,
      57
    ],
    [
      16,
      1373
    ],
    [
      526,
      1260
    ],
    [
      498,
      835
    ],
    [
      498,
      1355
    ],
    [
      498,
      833
    ],
    [
      1207,
      1891
    ],
    [
      498,
      840
    ]
  ],
  "euclidean": [
    0.5774543881416321,
    0.3234699070453644,
    0.5633238554000854,
    0.14566487073898315,
    4.231456756591797,
    1.8760175704956055,
    2.6962904930114746,
    1.7751984596252441,
    0.9167704582214355,
    0.3680318593978882,
    1.2083672285079956,
    1.77297043800354,
    2.553717851638794,
    2.6441872119903564,
    1.8752100467681885,
    4.204134941101074,
    4.264477252960205,
    3.0003128051757812,
    3.016331195831299,
    5.130773544311523,
    4.683776378631592,
    4.637587070465088,
    4.698769569396973,
    3.294145345687866,
    4.599751949310303
  ],
  "geodesic": [
    1.3632294390869957,
    1.217796686435426,
    1.3784881909030293,
    0.9364389136779254,
    3.561499471874056,
    2.20603793586629,
    2.4108654196861297,
    2.8553420011305843,
    1.575305875716218,
    1.4928183295679331,
    2.2276854778437194,
    2.976677359219691,
    3.2793015280640008,
    3.7793318241681835,
    3.379318864799567,
    4.294760665886528,
    5.791975969064504,
    4.693083629214982,
    4.435869159017526,
    6.504655198056655,
    6.32038613407354,
    6.31992168184838,
    6.34668442079855,
    4.676535026961568,
    6.2685342251428375
  ]
}