{
  "train_loss": [
    493.2312254666991,
    397.9908606746986,
    381.57441989027683,
    370.86913000532996,
    360.15705933064334,
    347.2782984024439,
    331.94395560426443,
    320.3408968486483,
    310.20169462360013,
    300.1195042648595,
    290.22368889181024,
    281.16734721983744,
    272.06943471906243,
    262.97058727744155,
    254.11688606904977,
    245.04027588114198,
    234.68805503612327,
    223.41408351576808,
    211.9471183655754,
    200.2542952839126,
    189.9473156306042,
    180.27486908741486,
    170.83900438618457,
    161.57411421145858,
    152.4350293244489,
    143.5500036479498,
    134.96053188449733,
    126.11540999080673,
    117.81100510444688,
    109.38685779315357,
    100.96717669588305,
    92.27706733116737,
    84.24769941616408,
    76.12711179591216,
    68.10803872412377,
    60.28307977380624,
    52.43518303019951,
    43.90910663069095,
    36.33100497533405,
    28.90225212041275,
    21.248926199981728,
    13.820041663480765,
    6.636384250189067,
    -1.3397017293797309,
    -8.393929776109037,
    -15.60661130073743,
    -22.734711529425503,
    -29.47770764510419,
    -36.56023207164946,
    -43.2163319011311,
    -49.488284696735015
  ],
  "train_elbo": [
    -493.2312254666991,
    -397.9908606746986,
    -381.57441989027683,
    -370.86913000532996,
    -360.15705933064334,
    -347.2782984024439,
    -331.94395560426443,
    -320.3408968486483,
    -310.20169462360013,
    -300.1195042648595,
    -290.22368889181024,
    -281.16734721983744,
    -272.06943471906243,
    -262.97058727744155,
    -254.11688606904977,
    -245.04027588114198,
    -234.68805503612327,
    -223.41408351576808,
    -211.9471183655754,
    -200.2542952839126,
    -189.9473156306042,
    -180.27486908741486,
    -170.83900438618457,
    -161.57411421145858,
    -152.4350293244489,
    -143.5500036479498,
    -134.96053188449733,
    -126.11540999080673,
    -117.81100510444688,
    -109.38685779315357,
    -100.96717669588305,
    -92.27706733116737,
    -84.24769941616408,
    -76.12711179591216,
    -68.10803872412377,
    -60.28307977380624,
    -52.43518303019951,
    -43.90910663069095,
    -36.33100497533405,
    -28.90225212041275,
    -21.248926199981728,
    -13.820041663480765,
    -6.636384250189067,
    1.3397017293797309,
    8.393929776109037,
    15.60661130073743,
    22.734711529425503,
    29.47770764510419,
    36.56023207164946,
    43.2163319011311,
    49.488284696735015
  ],
  "train_recon_log_prob": [
    -489.90904435191544,
    -395.44075159391934,
    -381.4878433469742,
    -370.3435287382431,
    -358.9678874592205,
    -345.3673353556166,
    -329.4271109817374,
    -318.209229186341,
    -307.78861107086817,
    -297.7126230465769,
    -287.66302818139974,
    -278.6336892003396,
    -269.4821431179769,
    -260.3533418164003,
    -251.45334356026189,
    -242.26503667027958,
    -231.45123544397225,
    -219.6410214863126,
    -207.83296801668385,
    -195.57059321327816,
    -185.2933348118895,
    -175.5017581888462,
    -166.05247913029896,
    -156.70102878891942,
    -147.58835094111888,
    -138.48712596031626,
    -129.98500005142157,
    -120.89466158316104,
    -112.76156302278586,
    -104.27047880403288,
    -95.74607328384641,
    -86.97404314164568,
    -78.90345860109807,
    -70.70874555352552,
    -62.61384559230781,
    -54.80419934450925,
    -46.88639392782917,
    -38.32124094328455,
    -30.654479242215373,
    -23.238922503405,
    -15.325369107126463,
    -7.977937326908694,
    -0.7900887430805863,
    7.352668569492624,
    14.375756373190036,
    21.70009963765686,
    28.826960967719483,
    35.59279075967232,
    42.75048891004625,
    49.407684573032626,
    55.82377781012119
  ],
  "train_kl": [
    3.322181890954028,
    2.550107308741891,
    0.08657767698259726,
    0.5256032245063083,
    1.1891719706911452,
    1.9109606576926543,
    2.516851066524147,
    2.1316644702930008,
    2.4130776531093723,
    2.40688482803885,
    2.560660730497013,
    2.5336610816773915,
    2.5872911035796227,
    2.617245874707661,
    2.663544548591269,
    2.7752414850088267,
    3.2368141000815216,
    3.7730575160956934,
    4.114150560236967,
    4.683700465457344,
    4.653981822459834,
    4.773112256302793,
    4.786526709103613,
    4.873089916103488,
    4.846682470505637,
    5.062883116823413,
    4.975536510621235,
    5.220746437417428,
    5.04944185052017,
    5.116378317822467,
    5.221103544782515,
    5.303026261638227,
    5.3442404046017895,
    5.418366674975161,
    5.494195286607567,
    5.478880392034994,
    5.548788244762118,
    5.587866230616494,
    5.676525159633203,
    5.663329274080903,
    5.923557421226641,
    5.842104249239259,
    5.846295753823678,
    6.012966978098738,
    5.981826567387843,
    6.093488203009115,
    6.0922496094662915,
    6.115083598974133,
    6.1902572552654185,
    6.191352428534092,
    6.335493314251649
  ],
  "eval_loss": [
    418.02419314500764,
    389.6400822337081,
    379.4123444347847,
    370.53353569216847,
    358.1041971346227,
    340.4997585389672,
    326.53108193002095,
    316.6385270281536,
    306.0158613995808,
    295.85941415181975,
    286.9902523878144,
    277.14168611852136,
    268.37109821598705,
    259.42429303425115,
    250.64260372999237,
    241.88026361232852,
    230.6019796976229,
    218.9331778177401,
    207.97417788621857,
    196.99315103670446,
    187.24274753477516,
    178.07581787109376,
    168.77465410930355,
    160.30774409596512,
    151.2720960663586,
    142.54409924018674,
    134.31460921124713,
    126.42598973716177,
    118.15055192156535,
    110.05868816840939,
    101.68890846066358,
    94.24590353616854,
    86.06100437815597,
    78.11228220869855,
    70.68080943037823,
    63.5103545398247,
    55.49235413714153,
    48.1682498280595,
    40.39576752825481,
    33.97651391378263,
    26.51937051168302,
    19.31748620010004,
    12.0819244943014,
    6.06838350063417,
    -1.244897704008149,
    -6.902909560319854,
    -13.962994491763231,
    -20.674774467654345,
    -26.203307603045207,
    -33.08013742958627,
    -39.33130454086676
  ],
  "eval_elbo": [
    -418.02419314500764,
    -389.6400822337081,
    -379.4123444347847,
    -370.53353569216847,
    -358.1041971346227,
    -340.4997585389672,
    -326.53108193002095,
    -316.6385270281536,
    -306.0158613995808,
    -295.85941415181975,
    -286.9902523878144,
    -277.14168611852136,
    -268.37109821598705,
    -259.42429303425115,
    -250.64260372999237,
    -241.88026361232852,
    -230.6019796976229,
    -218.9331778177401,
    -207.97417788621857,
    -196.99315103670446,
    -187.24274753477516,
    -178.07581787109376,
    -168.77465410930355,
    -160.30774409596512,
    -151.2720960663586,
    -142.54409924018674,
    -134.31460921124713,
    -126.42598973716177,
    -118.15055192156535,
    -110.05868816840939,
    -101.68890846066358,
    -94.24590353616854,
    -86.06100437815597,
    -78.11228220869855,
    -70.68080943037823,
    -63.5103545398247,
    -55.49235413714153,
    -48.1682498280595,
    -40.39576752825481,
    -33.97651391378263,
    -26.51937051168302,
    -19.31748620010004,
    -12.0819244943014,
    -6.06838350063417,
    1.244897704008149,
    6.902909560319854,
    13.962994491763231,
    20.674774467654345,
    26.203307603045207,
    33.08013742958627,
    39.33130454086676
  ],