{
  "pair_indices": [
    [
      580,
      435
    ],
    [
      349,
      184
    ],
    [
      210,
      27
    ],
    [
      51,
      11
    ],
    [
      802,
      1238
    ],
    [
      1126,
      1306
    ],
    [
      1026,
      1097
    ],
    [
      2028,
      1863
    ],
    [
      1797,
      1736
    ],
    [
      1747,
      2003
    ],
    [
      568,
      1670
    ],
    [
      1373,
      5
    ],
    [
      807,
      1755
    ],
    [
      1135,
      68
    ],
    [
      1733,
      359
    ],
    [
      182,
      1767
    ],
    [
      45,
      1108
    ],
    [
      825,
      57
    ],
    [
      16,
      1373
    ],
    [
      526,
      1260
    ],
    [
      498,
      835
    ],
    [
      498,
      1355
    ],
    [
      498,
      833
    ],
    [
      1207,
      1891
    ],
    [
      498,
      840
    ]
  ],
  "euclidean": [
    0.5476338267326355,
    0.23032084107398987,
    0.46845710277557373,
    0.09915192425251007,
    3.7074849605560303,
    1.9036993980407715,
    2.5368282794952393,
    2.0456836223602295,
    0.9139426350593567,
    0.5932881236076355,
    1.4302054643630981,
    1.5621495246887207,
    2.677879571914673,
    2.2532577514648438,
    1.6792314052581787,
    4.313567161560059,
    3.7126731872558594,
    2.739844799041748,
    2.695598602294922,
    4.6525492668151855,
    4.568398475646973,
    4.66521692276001,
    4.575169563293457,
    3.812652111053467,
    4.657999515533447
  ],
  "geodesic": [
    1.4455292410332379,
    1.382829956978991,
    1.3569436527632963,
    1.2934379533028206,
    3.5021731578253776,
    2.368591798516939,
    2.3984834250361913,
    3.014975047854388,
    1.692601581043838,
    1.8495212038448436,
    2.39848163576553,
    2.7782308929481094,
    3.3519244232033616,
    3.4967576403521776,
    3.1908394766670627,
    4.6023064677396315,
    5.401940894121666,
    4.530511624915678,
    4.155588886197583,
    6.170288500107636,
    6.35685961415326,
    6.289769406602472,
    6.34495194797943,
    4.7212737957327215,
    6.2795186100041676
  ]
}