{
  "train_loss": [
    499.8872809217963,
    399.11651529351724,
    381.80240401010667,
    369.845949426821,
    355.61610716282956,
    340.2331108866448,
    328.4888869065505,
    317.9219179258242,
    307.3513363569211,
    295.6704825563163,
    283.65182435497985,
    272.4632766593216,
    261.14031460753876,
    250.6608146322807,
    240.5736831273788,
    230.8857164021959,
    221.45978595514728,
    211.96241857135107,
    202.58952929598073,
    193.5735593989073,
    184.59528461684528,
    175.41536119249133,
    166.30616430485205,
    157.92388226668623,
    149.1518281184419,
    140.20629033238896,
    131.43311149587853,
    123.14400822193485,
    114.776366963928,
    106.60939173995357,
    98.364257942917,
    89.88753649253985,
    82.03760830386655,
    73.8487290509309,
    65.92794403895935,
    57.868456382891196,
    50.20470551897172,
    42.69024604639,
    34.80105345589774,
    27.32052705459688,
    20.155700107779403,
    12.489448321462405,
    5.144515990628719,
    -1.939489852523338,
    -9.47186770223727,
    -16.593247582478693,
    -23.815110240372693,
    -30.659096267197157,
    -36.84137474311577,
    -43.445404474260755,
    -49.91229583870651
  ],
  "train_elbo": [
    -499.8872809217963,
    -399.11651529351724,
    -381.80240401010667,
    -369.845949426821,
    -355.61610716282956,
    -340.2331108866448,
    -328.4888869065505,
    -317.9219179258242,
    -307.3513363569211,
    -295.6704825563163,
    -283.65182435497985,
    -272.4632766593216,
    -261.14031460753876,
    -250.6608146322807,
    -240.5736831273788,
    -230.8857164021959,
    -221.45978595514728,
    -211.96241857135107,
    -202.58952929598073,
    -193.5735593989073,
    -184.59528461684528,
    -175.41536119249133,
    -166.30616430485205,
    -157.92388226668623,
    -149.1518281184419,
    -140.20629033238896,
    -131.43311149587853,
    -123.14400822193485,
    -114.776366963928,
    -106.60939173995357,
    -98.364257942917,
    -89.88753649253985,
    -82.03760830386655,
    -73.8487290509309,
    -65.92794403895935,
    -57.868456382891196,
    -50.20470551897172,
    -42.69024604639,
    -34.80105345589774,
    -27.32052705459688,
    -20.155700107779403,
    -12.489448321462405,
    -5.144515990628719,
    1.939489852523338,
    9.47186770223727,
    16.593247582478693,
    23.815110240372693,
    30.659096267197157,
    36.84137474311577,
    43.445404474260755,
    49.91229583870651
  ],
  "train_recon_log_prob": [
    -498.96673896985175,
    -397.44958838904154,
    -381.71947500673696,
    -368.84852426829354,
    -353.4597337138231,
    -337.846673800104,
    -326.31800456623455,
    -315.54555853353463,
    -304.8445790049794,
    -292.51181842585044,
    -279.94922620240004,
    -268.50359634194473,
    -256.94392944634035,
    -246.2872538584056,
    -236.20518121032342,
    -226.49061627323957,
    -216.89432558239017,
    -207.38150100801164,
    -198.02987039307536,
    -188.7426494556469,
    -179.78637425162998,
    -170.61688528654776,
    -161.46945225828588,
    -152.93192707662618,
    -144.17606017470214,
    -135.25443542629517,
    -126.34295779124575,
    -117.93274552714402,
    -109.61686203505967,
    -101.405394511054,
    -92.96473834511707,
    -84.54165425842062,
    -76.64837842109876,
    -68.37430679638015,
    -60.37802281921163,
    -52.298668159233344,
    -44.560345813904924,
    -37.00957477136409,
    -29.14705169593895,
    -21.56308818998791,
    -14.351748865602653,
    -6.583720366160075,
    0.8143923262245635,
    7.788668824639513,
    15.518658518063425,
    22.631896041106245,
    29.92678450606536,
    36.7416629954281,
    43.142176133226855,
    49.72312282147716,
    56.137518942137774
  ],
  "train_kl": [
    0.9205437590787698,
    1.6669249048818162,
    0.08292091211192629,
    0.9974201904548393,
    2.156380235057174,
    2.386443738681202,
    2.170883788002862,
    2.376355433493161,
    2.5067488634833777,
    3.1586711694906047,
    3.702601295687777,
    3.9596754715701743,
    4.19638156017541,
    4.373560453072573,
    4.3685018809578215,
    4.395099664927985,
    4.565463167989356,
    4.580915925558088,
    4.559660979679653,
    4.830912570231418,
    4.808912266159523,
    4.798476713480967,
    4.836707451695779,
    4.991956744584117,
    4.975769967532129,
    4.95185601114499,
    5.090156997662033,
    5.211265540676093,
    5.15950744056003,
    5.203994258419498,
    5.399520634149312,
    5.345880311050695,
    5.389229541587596,
    5.474422716832423,
    5.549921436333103,
    5.56978741728488,
    5.644360055562486,
    5.680671550415375,
    5.654001647590572,
    5.7574390439323455,
    5.803951227330172,
    5.905727810912079,
    5.958908453674689,
    5.849179153768425,
    6.046791251325782,
    6.0386483701303035,
    6.1116744223095125,
    6.082565409505469,
    6.300801837837303,
    6.2777185707884104,
    6.225222096775041
  ],
  "eval_loss": [
    417.984711735423,
    389.82107558831933,
    378.22552311594893,
    364.8454461818788,
    348.7495562297542,
    334.377897978992,
    324.26412308855754,
    313.85978974133,
    302.56381731731136,
    290.29729331411966,
    278.6908414515053,
    267.5623008169779,
    256.85216362185594,
    247.10805567299448,
    237.02447889374523,
    228.37208073313644,
    218.50511511825934,
    209.23920578375095,
    200.38728853551353,
    191.4351896704697,
    183.0939405487805,
    173.68318012516673,
    165.24887241270483,
    157.217752521794,
    147.89640153094035,
    139.81840894745616,
    131.23438460187214,
    124.00026345601896,
    115.60876844452649,
    108.06779878197646,
    99.61968409840654,
    91.66940620236281,
    84.35916394489567,
    76.85649749011529,
    68.59088369229944,
    61.33671510277725,
    53.985429996397436,
    46.30424036165563,
    39.81764541253811,
    33.02406165890577,
    25.643094411710415,
    18.053572798938287,
    12.311543408835806,
    5.469045136614544,
    -1.7186427302476837,
    -8.801069920237472,
    -15.099938057690132,
    -20.89816986642233,
    -26.49077551306748,
    -32.433318728935426,
    -39.07726901915015
  ],
  "eval_elbo": [
    -417.984711735423,
    -389.82107558831933,
    -378.22552311594893,
    -364.8454461818788,
    -348.7495562297542,
    -334.377897978992,
    -324.26412308855754,
    -313.85978974133,
    -302.56381731731136,
    -290.29729331411966,
    -278.6908414515053,
    -267.5623008169779,
    -256.85216362185594,
    -247.10805567299448,
    -237.02447889374523,
    -228.37208073313644,
    -218.50511511825934,
    -209.23920578375095,
    -200.38728853551353,
    -191.4351896704697,
    -183.0939405487805,
    -173.68318012516673,
    -165.24887241270483,
    -157.217752521794,
    -147.89640153094035,
    -139.81840894745616,
    -131.23438460187214,
    -124.00026345601896,
    -115.60876844452649,
    -108.06779878197646,
    -99.61968409840654,
    -91.66940620236281,
    -84.35916394489567,
    -76.85649749011529,
    -68.59088369229944,
    -61.33671510277725,
    -53.985429996397436,
    -46.30424036165563,
    -39.81764541253811,
    -33.02406165890577,
    -25.643094411710415,
    -18.053572798938287,
    -12.311543408835806,
    -5.469045136614544,
    1.7186427302476837,
    8.801069920237472,
    15.099938057690132,
    20.89816986642233,
    26.49077551306748,
    32.433318728935426,
    39.07726901915015
  ],