{
  "pair_indices": [
    [
      580,
      435
    ],
    [
      349,
      184
    ],
    [
      210,
      27
    ],
    [
      51,
      11
    ],
    [
      802,
      1238
    ],
    [
      1126,
      1306
    ],
    [
      1026,
      1097
    ],
    [
      2028,
      1863
    ],
    [
      1797,
      1736
    ],
    [
      1747,
      2003
    ],
    [
      568,
      1670
    ],
    [
      1373,
      5
    ],
    [
      807,
      1755
    ],
    [
      1135,
      68
    ],
    [
      1733,
      359
    ],
    [
      182,
      1767
    ],
    [
      45,
      1108
    ],
    [
      825,
      57
    ],
    [
      16,
      1373
    ],
    [
      526,
      1260
    ],
    [
      498,
      835
    ],
    [
      498,
      1355
    ],
    [
      498,
      833
    ],
    [
      1207,
      1891
    ],
    [
      498,
      840
    ]
  ],
  "euclidean": [
    0.5191870331764221,
    0.1804257333278656,
    0.5516093373298645,
    0.16030287742614746,
    4.048755168914795,
    2.0618832111358643,
    2.540828227996826,
    1.227428913116455,
    1.2340669631958008,
    0.7064566612243652,
    1.679724097251892,
    1.6912944316864014,
    2.73935604095459,
    2.6690738201141357,
    1.844312071800232,
    4.754107475280762,
    3.6653835773468018,
    2.2968974113464355,
    3.048649311065674,
    5.000330448150635,
    4.817201137542725,
    4.95582914352417,
    4.788577556610107,
    4.416736602783203,
    4.882593631744385
  ],
  "geodesic": [
    0.7726339925215828,
    0.26854069066419034,
    0.8432466630414435,
    0.2161706781853956,
    3.369528255554185,
    2.1235531762104767,
    2.1152583831523604,
    2.1150461326239296,
    1.140326526207461,
    0.8938767483341669,
    1.984947722681062,
    2.607174979532706,
    2.92395043738404,
    3.8698371210248266,
    2.9052573528966517,
    4.883328488361616,
    4.819871681373099,
    3.5789881835299036,
    4.293078711839535,
    6.141906759813294,
    5.959033987113206,
    6.102154223168247,
    5.916958582307814,
    4.5402553126936995,
    6.094331840712056
  ]
}