{
  "train_loss": [
    501.75052576682214,
    400.39507255507624,
    381.7813940548926,
    370.6727773738577,
    358.6112119793455,
    343.45653402587,
    329.3204793592367,
    315.79893566313245,
    304.0926993606437,
    293.2967268835494,
    282.40887641208076,
    271.78547946058933,
    261.22062819111767,
    250.8039296095479,
    240.59844626029624,
    230.71450656616062,
    221.17356775677393,
    211.6715825678228,
    202.4022700830257,
    192.9367870102581,
    184.11167829464642,
    175.13062406546905,
    166.1151615464207,
    157.34588662171976,
    148.961187024984,
    140.30120124863473,
    131.8526154496003,
    123.23086260934161,
    115.0702636215713,
    106.95835456335791,
    98.73637315612719,
    90.31916902237032,
    82.31985040462061,
    74.41643959203773,
    66.46298054752187,
    58.60582558022896,
    50.759269644489216,
    43.361060751517904,
    35.56824117062001,
    28.39935714246589,
    20.707995890988826,
    13.442590750180758,
    5.817600211235484,
    -1.1627472216247494,
    -7.917956889039576,
    -15.012666746519132,
    -22.089544899443275,
    -28.70029375637553,
    -35.42633583432152,
    -42.585389762571005,
    -49.373675564124326
  ],
  "train_elbo": [
    -501.75052576682214,
    -400.39507255507624,
    -381.7813940548926,
    -370.6727773738577,
    -358.6112119793455,
    -343.45653402587,
    -329.3204793592367,
    -315.79893566313245,
    -304.0926993606437,
    -293.2967268835494,
    -282.40887641208076,
    -271.78547946058933,
    -261.22062819111767,
    -250.8039296095479,
    -240.59844626029624,
    -230.71450656616062,
    -221.17356775677393,
    -211.6715825678228,
    -202.4022700830257,
    -192.9367870102581,
    -184.11167829464642,
    -175.13062406546905,
    -166.1151615464207,
    -157.34588662171976,
    -148.961187024984,
    -140.30120124863473,
    -131.8526154496003,
    -123.23086260934161,
    -115.0702636215713,
    -106.95835456335791,
    -98.73637315612719,
    -90.31916902237032,
    -82.31985040462061,
    -74.41643959203773,
    -66.46298054752187,
    -58.60582558022896,
    -50.759269644489216,
    -43.361060751517904,
    -35.56824117062001,
    -28.39935714246589,
    -20.707995890988826,
    -13.442590750180758,
    -5.817600211235484,
    1.1627472216247494,
    7.917956889039576,
    15.012666746519132,
    22.089544899443275,
    28.70029375637553,
    35.42633583432152,
    42.585389762571005,
    49.373675564124326
  ],
  "train_recon_log_prob": [
    -500.46199275984435,
    -397.93679675427114,
    -381.62301661825586,
    -369.60076624831873,
    -356.76793617555944,
    -340.7347403539115,
    -326.5932841877361,
    -312.3620932629111,
    -300.77858002864104,
    -289.5575229891636,
    -278.6392800281045,
    -267.56229606507316,
    -257.02118095053277,
    -246.3598146543398,
    -236.0465071867965,
    -226.15609158060636,
    -216.52167558495378,
    -207.013187003223,
    -197.61602382636624,
    -188.14945341117217,
    -179.2835455441504,
    -170.23028275672624,
    -161.26268411526897,
    -152.36337187118437,
    -144.00699480403765,
    -135.31983854598906,
    -126.74238112266829,
    -118.14714003715468,
    -109.87200712546324,
    -101.84924099355099,
    -93.47818931234916,
    -84.97848122285836,
    -76.87609227964147,
    -68.90399912367228,
    -61.12651971204522,
    -53.003059857639784,
    -45.254341307140535,
    -37.685135250999814,
    -29.802654597057675,
    -22.749979212461664,
    -14.963319918174884,
    -7.656539505800193,
    0.09681718879275852,
    7.065268640553121,
    13.79036718002897,
    21.117926158602277,
    28.072712088970327,
    34.86363833174746,
    41.602597289032985,
    48.71409504463093,
    55.67179319127867
  ],
  "train_kl": [
    1.2885415088089684,
    2.4582735295151616,
    0.15837573524796483,
    1.072024227353097,
    1.843280745076609,
    2.7217852556952917,
    2.727197881437774,
    3.436839448663341,
    3.314118523300786,
    3.7392139784145706,
    3.769598088712774,
    4.223188230842898,
    4.199449231773069,
    4.444120745373588,
    4.5519360937041675,
    4.5584125809908205,
    4.651890180049798,
    4.65838974008339,
    4.786247353559594,
    4.787334157433702,
    4.828129252525767,
    4.900337149372031,
    4.852480059869414,
    4.982516754532326,
    4.954198580521804,
    4.981367442488525,
    5.110237299158751,
    5.083721799582643,
    5.198254710443145,
    5.109113282190865,
    5.2581838216537085,
    5.340686039464669,
    5.443758005042071,
    5.512440490489769,
    5.336462855193496,
    5.602766712361057,
    5.504927755712153,
    5.67592640179272,
    5.765586074600872,
    5.649378019083696,
    5.744675704993317,
    5.7860509601122585,
    5.914417774540455,
    5.902521487994072,
    5.872410685733707,
    6.105259487189362,
    5.983167092296521,
    6.163344314537933,
    6.176261641021467,
    6.128704686450143,
    6.29811783675309
  ],
  "eval_loss": [
    420.9709462235614,
    390.2155734922828,
    377.7911942644817,
    365.7476848323171,
    351.44320931783534,
    337.05754201005146,
    323.3577059117759,
    310.71618101538684,
    299.6280664955697,
    288.26956742449505,
    277.35944079887577,
    266.91584710842227,
    256.4983743807165,
    246.86387641720654,
    236.7017753787157,
    227.72624586151866,
    218.66275344476466,
    208.8834562720322,
    199.9648142000524,
    191.12363891601564,
    182.31897240615473,
    173.77079899485517,
    165.05889676722086,
    156.62256998201696,
    148.07109531309547,
    140.17595065977514,
    131.80729712509526,
    123.70352708770008,
    116.19933985268197,
    107.98118237751287,
    99.86827504227801,
    91.8435287475586,
    84.66196962682213,
    76.53549506955031,
    68.83678804723228,
    61.44033458058427,
    54.6183213582853,
    46.77706470024295,
    40.43539627819526,
    33.77209217722823,
    26.186646447530606,
    19.480225000148867,
    11.897840378924114,
    6.061569116173721,
    -0.5682854222088325,
    -7.294944642229778,
    -13.733772775603503,
    -19.7558962659138,
    -26.09043196701422,
    -32.49211936578518,
    -38.136332795678115
  ],
  "eval_elbo": [
    -420.9709462235614,
    -390.2155734922828,
    -377.7911942644817,
    -365.7476848323171,
    -351.44320931783534,
    -337.05754201005146,
    -323.3577059117759,
    -310.71618101538684,
    -299.6280664955697,
    -288.26956742449505,
    -277.35944079887577,
    -266.91584710842227,
    -256.4983743807165,
    -246.86387641720654,
    -236.7017753787157,
    -227.72624586151866,
    -218.66275344476466,
    -208.8834562720322,
    -199.9648142000524,
    -191.12363891601564,
    -182.31897240615473,
    -173.77079899485517,
    -165.05889676722086,
    -156.62256998201696,
    -148.07109531309547,
    -140.17595065977514,
    -131.80729712509526,
    -123.70352708770008,
    -116.19933985268197,
    -107.98118237751287,
    -99.86827504227801,
    -91.8435287475586,
    -84.66196962682213,
    -76.53549506955031,
    -68.83678804723228,
    -61.44033458058427,
    -54.6183213582853,
    -46.77706470024295,
    -40.43539627819526,
    -33.77209217722823,
    -26.186646447530606,
    -19.480225000148867,
    -11.897840378924114,
    -6.061569116173721,
    0.5682854222088325,
    7.294944642229778,
    13.733772775603503,
    19.7558962659138,
    26.09043196701422,
    32.49211936578518,
    38.136332795678115
  ],