{
  "pair_indices": [
    [
      580,
      435
    ],
    [
      349,
      184
    ],
    [
      210,
      27
    ],
    [
      51,
      11
    ],
    [
      802,
      1238
    ],
    [
      1126,
      1306
    ],
    [
      1026,
      1097
    ],
    [
      2028,
      1863
    ],
    [
      1797,
      1736
    ],
    [
      1747,
      2003
    ],
    [
      568,
      1670
    ],
    [
      1373,
      5
    ],
    [
      807,
      1755
    ],
    [
      1135,
      68
    ],
    [
      1733,
      359
    ],
    [
      182,
      1767
    ],
    [
      45,
      1108
    ],
    [
      825,
      57
    ],
    [
      16,
      1373
    ],
    [
      526,
      1260
    ],
    [
      498,
      835
    ],
    [
      498,
      1355
    ],
    [
      498,
      833
    ],
    [
      1207,
      1891
    ],
    [
      498,
      840
    ]
  ],
  "euclidean": [
    0.5223614573478699,
    0.22251714766025543,
    0.5960856080055237,
    0.08252319693565369,
    4.802006244659424,
    2.0364396572113037,
    2.9308738708496094,
    1.593704104423523,
    1.0000628232955933,
    0.5628602504730225,
    2.7186074256896973,
    2.3784706592559814,
    1.9919819831848145,
    2.0523784160614014,
    2.1343131065368652,
    2.2032315731048584,
    3.2257235050201416,
    2.468836545944214,
    3.0021145343780518,
    5.175327777862549,
    4.128550052642822,
    4.244717597961426,
    4.160688877105713,
    1.551215410232544,
    4.242945194244385
  ],
  "geodesic": [
    1.1664578160042196,
    1.110205004035614,
    1.2280144328657787,
    1.3009126155836543,
    3.8116921991767185,
    2.3420174870998705,
    2.465169797392132,
    2.8111515627360073,
    1.6908771489035879,
    1.534516256942971,
    2.8367619432645217,
    4.386109986700024,
    3.1767551106659275,
    3.4180979328266115,
    4.429099069093259,
    3.763329783849898,
    4.877322695123143,
    4.204894193390876,
    4.916832851036751,
    6.452530286230864,
    6.0366000624292395,
    6.084330786185335,
    6.075012194460337,
    3.2196476249517465,
    6.067262018076695
  ]
}