{
  "train_loss": [
    496.3893238854787,
    397.91769360739085,
    381.554936670995,
    369.7433801075769,
    354.4151402288304,
    339.3667539193662,
    328.0104516184228,
    317.7916438250606,
    307.7399700383709,
    298.1756335806934,
    288.54042256300556,
    278.7077994061331,
    266.42742923648075,
    254.18809431027142,
    243.5614057641035,
    233.72955018580325,
    224.0301299787994,
    214.8737603677789,
    205.64661207187453,
    196.60680746187947,
    187.6868192791502,
    178.74314528245193,
    169.78990462120345,
    161.11898190751035,
    152.3480730627337,
    144.12309035975417,
    135.47147401989017,
    127.01200005947015,
    118.5970211657849,
    110.09164197686536,
    102.00892236730554,
    93.68449849931021,
    85.38854223118597,
    77.41773342183804,
    69.58130885160304,
    62.03935236575694,
    54.29413107754401,
    46.25637782449687,
    38.40389755211761,
    30.64876305576646,
    23.646595387813953,
    16.45912852886978,
    9.057983237745125,
    1.983897067106105,
    -4.841094529963529,
    -12.544150852021717,
    -19.47591092734983,
    -26.268345356569768,
    -32.80792014619224,
    -39.58222023820702,
    -45.8536616175166
  ],
  "train_elbo": [
    -496.3893238854787,
    -397.91769360739085,
    -381.554936670995,
    -369.7433801075769,
    -354.4151402288304,
    -339.3667539193662,
    -328.0104516184228,
    -317.7916438250606,
    -307.7399700383709,
    -298.1756335806934,
    -288.54042256300556,
    -278.7077994061331,
    -266.42742923648075,
    -254.18809431027142,
    -243.5614057641035,
    -233.72955018580325,
    -224.0301299787994,
    -214.8737603677789,
    -205.64661207187453,
    -196.60680746187947,
    -187.6868192791502,
    -178.74314528245193,
    -169.78990462120345,
    -161.11898190751035,
    -152.3480730627337,
    -144.12309035975417,
    -135.47147401989017,
    -127.01200005947015,
    -118.5970211657849,
    -110.09164197686536,
    -102.00892236730554,
    -93.68449849931021,
    -85.38854223118597,
    -77.41773342183804,
    -69.58130885160304,
    -62.03935236575694,
    -54.29413107754401,
    -46.25637782449687,
    -38.40389755211761,
    -30.64876305576646,
    -23.646595387813953,
    -16.45912852886978,
    -9.057983237745125,
    -1.983897067106105,
    4.841094529963529,
    12.544150852021717,
    19.47591092734983,
    26.268345356569768,
    32.80792014619224,
    39.58222023820702,
    45.8536616175166
  ],
  "train_recon_log_prob": [
    -492.0992074670664,
    -395.49274572202427,
    -381.44010286249664,
    -368.8879120655549,
    -352.04713177244304,
    -337.1639839517037,
    -325.8550477266603,
    -315.404785305298,
    -305.3187507750496,
    -295.6671452225346,
    -285.9464389675266,
    -275.91729952447724,
    -262.7112333602812,
    -249.99523551298148,
    -239.2830840170165,
    -229.51370654729115,
    -219.64266172229733,
    -210.4281532371437,
    -201.17638424231748,
    -191.95746063865874,
    -183.1149632939489,
    -174.0126254276187,
    -165.15239884186724,
    -156.29183917109637,
    -147.49441744439915,
    -139.21902432284512,
    -130.4438207344549,
    -121.86228959638994,
    -113.48917162549365,
    -104.87639547122122,
    -96.64672115637997,
    -88.35638906551077,
    -79.93381862617092,
    -71.9798812679901,
    -64.11905664576716,
    -56.487086420676356,
    -48.66781097337585,
    -40.60206321744255,
    -32.70142792083405,
    -24.908741995237396,
    -17.890260167756505,
    -10.521604967641306,
    -3.214149061140123,
    3.817533723163954,
    10.820462002131237,
    18.488243214813345,
    25.534661881070726,
    32.26701065268418,
    38.909539452111474,
    45.764811067499664,
    52.09348966903593
  ],
  "train_kl": [
    4.290121513699728,
    2.424943643357145,
    0.11483704801808056,
    0.8554697832927308,
    2.3680123895661445,
    2.202769637544513,
    2.15540677316314,
    2.3868519730038114,
    2.4212216649736678,
    2.5084937364044935,
    2.593990806258205,
    2.790496351081373,
    3.7161981678125477,
    4.192862121759026,
    4.278316504789359,
    4.215847194704235,
    4.387470131246452,
    4.445604065835695,
    4.470228756449307,
    4.649351413433369,
    4.571854459205972,
    4.73051573388888,
    4.637511999761374,
    4.827141067192813,
    4.85365987551809,
    4.904069219316755,
    5.027652337583139,
    5.1497144466209175,
    5.107850078261379,
    5.215248159145406,
    5.362203693506336,
    5.328109426812811,
    5.454721465943352,
    5.4378502069084345,
    5.462252624451168,
    5.552266555828052,
    5.626319499825092,
    5.654315441373795,
    5.702468990842938,
    5.740021105359908,
    5.756334974361136,
    5.9375232666257824,
    5.843834269760001,
    5.801430779062348,
    5.979367622962365,
    5.9440926306122535,
    6.058750774979737,
    5.998665594792628,
    6.101619671552609,
    6.182589808080951,
    6.23982789548471
  ],
  "eval_loss": [
    418.12297125095273,
    388.77424777891576,
    377.96514907464746,
    363.61255805783156,
    347.4439241734947,
    334.02301457102703,
    324.06265750047635,
    313.8049081197599,
    303.6939826779249,
    294.3469177246094,
    284.52107097346607,
    273.67421845226755,
    261.1640814060118,
    250.3231201916206,
    240.11627115389197,
    230.74688370867474,
    221.43676214450744,
    212.15526204923304,
    203.4652587890625,
    194.28148148699503,
    185.47399247332316,
    177.00508735470655,
    168.2902703261957,
    159.94760891053735,
    151.61648194848038,
    143.59530416349085,
    135.0113863316978,
    127.57888753007099,
    118.77289719000095,
    111.16335892095799,
    103.00489505674781,
    95.66244678032108,
    87.64680484678686,
    79.34793734666778,
    72.30945389910443,
    65.32840404975705,
    58.50343953574576,
    49.824083449200884,
    43.495109874446214,
    35.76014618292088,
    28.802722577350895,
    22.502743102283013,
    14.918491810124095,
    9.82842963148908,
    1.8553873560777525,
    -4.150937982884849,
    -10.353328234974931,
    -16.99746406369093,
    -22.239762227128193,
    -29.80340401254049,
    -34.93999417933022
  ],
  "eval_elbo": [
    -418.12297125095273,
    -388.77424777891576,
    -377.96514907464746,
    -363.61255805783156,
    -347.4439241734947,
    -334.02301457102703,
    -324.06265750047635,
    -313.8049081197599,
    -303.6939826779249,
    -294.3469177246094,
    -284.52107097346607,
    -273.67421845226755,
    -261.1640814060118,
    -250.3231201916206,
    -240.11627115389197,
    -230.74688370867474,
    -221.43676214450744,
    -212.15526204923304,
    -203.4652587890625,
    -194.28148148699503,
    -185.47399247332316,
    -177.00508735470655,
    -168.2902703261957,
    -159.94760891053735,
    -151.61648194848038,
    -143.59530416349085,
    -135.0113863316978,
    -127.57888753007099,
    -118.77289719000095,
    -111.16335892095799,
    -103.00489505674781,
    -95.66244678032108,
    -87.64680484678686,
    -79.34793734666778,
    -72.30945389910443,
    -65.32840404975705,
    -58.50343953574576,
    -49.824083449200884,
    -43.495109874446214,
    -35.76014618292088,
    -28.802722577350895,
    -22.502743102283013,
    -14.918491810124095,
    -9.82842963148908,
    -1.8553873560777525,
    4.150937982884849,
    10.353328234974931,
    16.99746406369093,
    22.239762227128193,
    29.80340401254049,
    34.93999417933022
  ],