{
  "pair_indices": [
    [
      580,
      435
    ],
    [
      349,
      184
    ],
    [
      210,
      27
    ],
    [
      51,
      11
    ],
    [
      802,
      1238
    ],
    [
      1126,
      1306
    ],
    [
      1026,
      1097
    ],
    [
      2028,
      1863
    ],
    [
      1797,
      1736
    ],
    [
      1747,
      2003
    ],
    [
      568,
      1670
    ],
    [
      1373,
      5
    ],
    [
      807,
      1755
    ],
    [
      1135,
      68
    ],
    [
      1733,
      359
    ],
    [
      182,
      1767
    ],
    [
      45,
      1108
    ],
    [
      825,
      57
    ],
    [
      16,
      1373
    ],
    [
      526,
      1260
    ],
    [
      498,
      835
    ],
    [
      498,
      1355
    ],
    [
      498,
      833
    ],
    [
      1207,
      1891
    ],
    [
      498,
      840
    ]
  ],
  "euclidean": [
    0.5183036923408508,
    0.1058594137430191,
    0.6097677946090698,
    0.03054787777364254,
    4.0164666175842285,
    2.1383602619171143,
    2.6262638568878174,
    2.0512990951538086,
    0.8577814698219299,
    0.4427069425582886,
    2.604511260986328,
    2.2147789001464844,
    2.314605474472046,
    3.1253955364227295,
    2.0210726261138916,
    1.4446052312850952,
    3.7726058959960938,
    3.080655097961426,
    3.4338223934173584,
    5.438383102416992,
    4.510746479034424,
    4.3186750411987305,
    4.576998233795166,
    1.673864483833313,
    4.301828861236572
  ],
  "geodesic": [
    0.7853048762760887,
    0.1367174965937244,
    0.9370350002400148,
    0.03382007761673446,
    3.508050923220361,
    2.2474945742124723,
    2.35878296554648,
    2.8156053142303983,
    1.0288021049421618,
    0.9313329992493959,
    3.278846514405158,
    4.11708534881282,
    3.353609611425022,
    4.91689646986651,
    3.801563523524061,
    2.2271259866406017,
    5.228141511935503,
    4.8768166311746395,
    5.227452315008572,
    7.275386430367918,
    5.8424553890589985,
    5.607708271595998,
    5.936058110284288,
    3.2475544458161187,
    5.584388614204603
  ]
}