{
  "train_loss": [
    497.4726143302498,
    398.4764160230774,
    381.45174533718233,
    369.9084944765792,
    355.5093994513245,
    340.45848607027193,
    328.7169435754946,
    318.356447585482,
    308.2162107064756,
    298.389151250632,
    289.0247743115175,
    279.69552548959285,
    270.52930436466204,
    259.9721283219818,
    248.8132592505151,
    238.32992378579536,
    228.24103593651628,
    218.34085436996813,
    208.75758127065805,
    199.13866151616395,
    189.72340888651007,
    180.36670935401403,
    170.84460523742752,
    161.99281189933654,
    152.7573529663831,
    143.87420592814576,
    134.6082768515935,
    125.85860477582584,
    117.19078848329947,
    108.43293588938731,
    99.86413103785998,
    91.70741785256709,
    83.53775976458166,
    75.56130902263563,
    67.36558835468595,
    59.10872998080411,
    51.10425018012451,
    43.43630564576686,
    35.65934121827066,
    28.328937032138327,
    20.5046266409067,
    13.236150696746304,
    5.564441770569891,
    -1.8352580635247795,
    -8.765090993618063,
    -15.782836504180498,
    -22.51681380219512,
    -29.47892346690717,
    -36.355669326689075,
    -43.42179629799793,
    -50.147630460969694
  ],
  "train_elbo": [
    -497.4726143302498,
    -398.4764160230774,
    -381.45174533718233,
    -369.9084944765792,
    -355.5093994513245,
    -340.45848607027193,
    -328.7169435754946,
    -318.356447585482,
    -308.2162107064756,
    -298.389151250632,
    -289.0247743115175,
    -279.69552548959285,
    -270.52930436466204,
    -259.9721283219818,
    -248.8132592505151,
    -238.32992378579536,
    -228.24103593651628,
    -218.34085436996813,
    -208.75758127065805,
    -199.13866151616395,
    -189.72340888651007,
    -180.36670935401403,
    -170.84460523742752,
    -161.99281189933654,
    -152.7573529663831,
    -143.87420592814576,
    -134.6082768515935,
    -125.85860477582584,
    -117.19078848329947,
    -108.43293588938731,
    -99.86413103785998,
    -91.70741785256709,
    -83.53775976458166,
    -75.56130902263563,
    -67.36558835468595,
    -59.10872998080411,
    -51.10425018012451,
    -43.43630564576686,
    -35.65934121827066,
    -28.328937032138327,
    -20.5046266409067,
    -13.236150696746304,
    -5.564441770569891,
    1.8352580635247795,
    8.765090993618063,
    15.782836504180498,
    22.51681380219512,
    29.47892346690717,
    36.355669326689075,
    43.42179629799793,
    50.147630460969694
  ],
  "train_recon_log_prob": [
    -496.1110364753248,
    -396.7411483746017,
    -381.2638378772107,
    -368.62153768946985,
    -353.4015650114588,
    -338.19828019474016,
    -326.21361358232696,
    -315.79999457465277,
    -305.5970973199977,
    -295.70750421656794,
    -286.2971350142371,
    -276.92630802289614,
    -267.6723801236741,
    -256.49011763315355,
    -244.79088617681148,
    -234.35948836963547,
    -224.07305859762525,
    -214.05303493029322,
    -204.31087833912235,
    -194.63031102740575,
    -185.15647591950693,
    -175.69331458607581,
    -166.04018866943062,
    -157.05078739823003,
    -147.84291555476858,
    -138.55363115955768,
    -129.5558383182437,
    -120.52970443744216,
    -111.9241711776044,
    -103.08825269053999,
    -94.49725284040775,
    -86.09923086760244,
    -77.95070173102857,
    -70.00228701581011,
    -61.80868261987036,
    -53.52096827300914,
    -45.40382548275157,
    -37.677056115771094,
    -29.92927771581107,
    -22.509749489389495,
    -14.543916385543506,
    -7.304829739188828,
    0.4848065096816737,
    7.8434783262501995,
    14.838469436608246,
    21.879830007588033,
    28.658077824537862,
    35.70803989042438,
    42.6434698279524,
    49.71845374381004,
    56.51432906489669
  ],
  "train_kl": [
    1.361574182289133,
    1.735280311970047,
    0.18790297907059592,
    1.2869566584390306,
    2.1078407118172,
    2.260203119599339,
    2.503325763057294,
    2.556448913755871,
    2.6191147733229565,
    2.6816514184623412,
    2.727641373763591,
    2.769217430308043,
    2.8569297487773593,
    3.482005538521232,
    4.02237062809377,
    3.9704366359081895,
    4.167981474973052,
    4.287820763640351,
    4.4467075770591205,
    4.508355665265131,
    4.566935317420261,
    4.673393950503097,
    4.804413829239879,
    4.942028539375799,
    4.9144424344157125,
    5.320572980594286,
    5.052442987905462,
    5.328900874607147,
    5.26661756012466,
    5.344687935779092,
    5.366880850623088,
    5.608187439677479,
    5.587058533096779,
    5.559021426353408,
    5.556907023847904,
    5.587760790800437,
    5.700424511062939,
    5.75924975414998,
    5.730063845386435,
    5.819186976249983,
    5.960710471366351,
    5.931321487613068,
    6.049248365255503,
    6.0082205555814525,
    6.073378587962653,
    6.0969941514170065,
    6.141264014773899,
    6.229116551023117,
    6.287800947825114,
    6.2966572897774835,
    6.366699713053721
  ],
  "eval_loss": [
    419.8075140231993,
    389.90058653296495,
    377.93862066501526,
    364.04920684070123,
    348.56401813786204,
    334.45831090415396,
    324.351786990282,
    314.0295806140434,
    303.93521296803544,
    294.4717937190358,
    285.1926317168445,
    276.137060546875,
    266.22718639838985,
    255.07773720345847,
    244.3607191132336,
    234.77823731957412,
    224.92218278094035,
    215.86321038967225,
    206.1876614454316,
    196.84326209091557,
    187.41309948432738,
    178.08362426757813,
    168.8596894054878,
    160.6996200933689,
    151.2536973162395,
    142.27729477300878,
    133.63191870712652,
    124.76929001226658,
    116.95410420487566,
    108.39116315143865,
    100.54256428044017,
    92.74996684004621,
    85.0473502182379,
    77.16935629495761,
    69.48438009866854,
    62.43599023586366,
    54.45833652775462,
    47.39236978670446,
    39.77557538660561,
    32.93071088093083,
    25.944210238573028,
    19.105078143608278,
    12.58059135530053,
    5.34996422093089,
    -0.9325508693369423,
    -7.784453017537187,
    -13.498131286807176,
    -20.672811703565642,
    -26.584208837369594,
    -31.829935939137528,
    -37.98904720399438
  ],
  "eval_elbo": [
    -419.8075140231993,
    -389.90058653296495,
    -377.93862066501526,
    -364.04920684070123,
    -348.56401813786204,
    -334.45831090415396,
    -324.351786990282,
    -314.0295806140434,
    -303.93521296803544,
    -294.4717937190358,
    -285.1926317168445,
    -276.137060546875,
    -266.22718639838985,
    -255.07773720345847,
    -244.3607191132336,
    -234.77823731957412,
    -224.92218278094035,
    -215.86321038967225,
    -206.1876614454316,
    -196.84326209091557,
    -187.41309948432738,
    -178.08362426757813,
    -168.8596894054878,
    -160.6996200933689,
    -151.2536973162395,
    -142.27729477300878,
    -133.63191870712652,
    -124.76929001226658,
    -116.95410420487566,
    -108.39116315143865,
    -100.54256428044017,
    -92.74996684004621,
    -85.0473502182379,
    -77.16935629495761,
    -69.48438009866854,
    -62.43599023586366,
    -54.45833652775462,
    -47.39236978670446,
    -39.77557538660561,
    -32.93071088093083,
    -25.944210238573028,
    -19.105078143608278,
    -12.58059135530053,
    -5.34996422093089,
    0.9325508693369423,
    7.784453017537187,
    13.498131286807176,
    20.672811703565642,
    26.584208837369594,
    31.829935939137528,
    37.98904720399438
  ],