{
  "pair_indices": [
    [
      580,
      435
    ],
    [
      349,
      184
    ],
    [
      210,
      27
    ],
    [
      51,
      11
    ],
    [
      802,
      1238
    ],
    [
      1126,
      1306
    ],
    [
      1026,
      1097
    ],
    [
      2028,
      1863
    ],
    [
      1797,
      1736
    ],
    [
      1747,
      2003
    ],
    [
      568,
      1670
    ],
    [
      1373,
      5
    ],
    [
      807,
      1755
    ],
    [
      1135,
      68
    ],
    [
      1733,
      359
    ],
    [
      182,
      1767
    ],
    [
      45,
      1108
    ],
    [
      825,
      57
    ],
    [
      16,
      1373
    ],
    [
      526,
      1260
    ],
    [
      498,
      835
    ],
    [
      498,
      1355
    ],
    [
      498,
      833
    ],
    [
      1207,
      1891
    ],
    [
      498,
      840
    ]
  ],
  "euclidean": [
    0.5326822400093079,
    0.28546568751335144,
    0.47602811455726624,
    0.031344130635261536,
    3.850148916244507,
    2.135673761367798,
    2.79187273979187,
    1.460389256477356,
    1.35616934299469,
    0.6632071137428284,
    3.694085121154785,
    1.6181371212005615,
    2.7972378730773926,
    1.7230793237686157,
    1.663891077041626,
    1.4198675155639648,
    3.6710050106048584,
    2.735996961593628,
    2.5886895656585693,
    4.677513599395752,
    4.911864757537842,
    5.122959613800049,
    4.858954429626465,
    4.145132541656494,
    5.0825958251953125
  ],
  "geodesic": [
    0.7424908068437804,
    0.41267132524645334,
    0.7051748700750804,
    0.03942208633043024,
    3.484532374091087,
    2.1746726918857227,
    2.289099266616259,
    2.532693521951532,
    1.4768049253030313,
    0.9538843538237841,
    4.203864617488052,
    2.612186584655039,
    3.0990227358668143,
    2.6082121490829735,
    3.0035544637152674,
    2.692478448043042,
    5.483333999649209,
    4.7732490964379295,
    3.698891968679198,
    5.923187674021454,
    6.420660419186321,
    6.637408745492199,
    6.329570087218695,
    4.670579201111201,
    6.590602611722583
  ]
}