{
  "train_loss": [
    498.45975480411516,
    399.50898986741885,
    381.22214754917394,
    369.51548824845946,
    354.317871988038,
    339.74510280436795,
    328.37521094018285,
    317.90750177963315,
    307.242667807182,
    295.923100919805,
    283.93030649634653,
    273.1523875328502,
    262.6830818819039,
    252.69481359907996,
    242.46163415035485,
    232.46082014333052,
    222.8521975935306,
    213.51689026847717,
    203.9120581211188,
    194.84077621292283,
    185.95294452150227,
    176.70728206052303,
    167.9538356981289,
    159.1246091402494,
    150.4602309565841,
    141.81009736486115,
    132.97679713881496,
    124.59501620934269,
    116.20206360124115,
    108.00252745352385,
    99.92799516242357,
    91.87199795901121,
    83.53601554898552,
    75.43639973697499,
    67.5459735576923,
    59.87899666624337,
    52.06908414419172,
    44.39154796577053,
    36.90294888488248,
    29.509356874831575,
    21.771066216176536,
    14.45434341151199,
    7.376084084330316,
    0.09961639015374749,
    -6.643233429090153,
    -13.432825713803917,
    -20.677464085766392,
    -27.256333312708815,
    -34.06722775134411,
    -40.72639631613707,
    -47.191447196280414
  ],
  "train_elbo": [
    -498.45975480411516,
    -399.50898986741885,
    -381.22214754917394,
    -369.51548824845946,
    -354.317871988038,
    -339.74510280436795,
    -328.37521094018285,
    -317.90750177963315,
    -307.242667807182,
    -295.923100919805,
    -283.93030649634653,
    -273.1523875328502,
    -262.6830818819039,
    -252.69481359907996,
    -242.46163415035485,
    -232.46082014333052,
    -222.8521975935306,
    -213.51689026847717,
    -203.9120581211188,
    -194.84077621292283,
    -185.95294452150227,
    -176.70728206052303,
    -167.9538356981289,
    -159.1246091402494,
    -150.4602309565841,
    -141.81009736486115,
    -132.97679713881496,
    -124.59501620934269,
    -116.20206360124115,
    -108.00252745352385,
    -99.92799516242357,
    -91.87199795901121,
    -83.53601554898552,
    -75.43639973697499,
    -67.5459735576923,
    -59.87899666624337,
    -52.06908414419172,
    -44.39154796577053,
    -36.90294888488248,
    -29.509356874831575,
    -21.771066216176536,
    -14.45434341151199,
    -7.376084084330316,
    -0.09961639015374749,
    6.643233429090153,
    13.432825713803917,
    20.677464085766392,
    27.256333312708815,
    34.06722775134411,
    40.72639631613707,
    47.191447196280414
  ],
  "train_recon_log_prob": [
    -494.4571951655387,
    -396.4843213054578,
    -381.0210967011504,
    -368.48854286650305,
    -351.72457036168583,
    -337.46165345207095,
    -325.8052829840244,
    -315.2505875844804,
    -304.4198503319597,
    -292.4255593175271,
    -279.8004093379765,
    -269.06219791696475,
    -258.4212713555975,
    -248.24466223710914,
    -238.15427872840593,
    -227.90991624545703,
    -218.32211070823436,
    -208.77381515037155,
    -199.20338793930406,
    -189.93113742031895,
    -181.16106983971974,
    -171.83020498347952,
    -162.97927066490908,
    -154.05769778520633,
    -145.418948312091,
    -136.75755431160096,
    -127.87624938554961,
    -119.33496280991551,
    -110.91061811249189,
    -102.75628836309225,
    -94.58714452797095,
    -86.50345881721766,
    -78.1356928898738,
    -69.90055871388269,
    -62.13743754329845,
    -54.251012240865144,
    -46.477823352930166,
    -38.647357372428324,
    -31.154129412584687,
    -23.76296202225272,
    -15.88123178773165,
    -8.651414604559632,
    -1.3674898732712855,
    5.871269710189111,
    12.64176819467137,
    19.40779829316378,
    26.671238858475643,
    33.447738302787435,
    40.255230420383924,
    46.95781831194047,
    53.53446594350067
  ],
  "train_kl": [
    4.002562211110042,
    3.0246678132641156,
    0.20105870593889583,
    1.0269442213032853,
    2.593295238830231,
    2.283452393225552,
    2.56993341853476,
    2.656924696632357,
    2.8228151646871416,
    3.4975481877542385,
    4.129902377378955,
    4.090187661959284,
    4.261808970035651,
    4.450154040177081,
    4.3073564740182135,
    4.550907863947644,
    4.530082288096967,
    4.74307888214987,
    4.708672507778629,
    4.909638728559818,
    4.791874595614144,
    4.8770801313630825,
    4.974566065493667,
    5.066910449692909,
    5.04128133974087,
    5.052543503315312,
    5.100548950889317,
    5.260052487090394,
    5.291445860204825,
    5.246238500643999,
    5.340850990770501,
    5.3685397077101635,
    5.400323307703411,
    5.5358408076713665,
    5.408534688099546,
    5.627984299036755,
    5.591260179931864,
    5.744190742390205,
    5.748820417821044,
    5.746394517220857,
    5.889834495982262,
    5.802928657904358,
    6.008594058226607,
    5.970886066865281,
    5.998534355699215,
    5.97497260381305,
    5.993774801820189,
    6.191404550503462,
    6.188002781408028,
    6.231421177203838,
    6.343018067770971
  ],
  "eval_loss": [
    422.23915703005906,
    388.92963152629574,
    376.5502372927782,
    362.76840239734184,
    346.9308427019817,
    334.12603968178354,
    323.8585593618998,
    313.50227616472944,
    302.31411758050683,
    290.2325698480374,
    279.0688029963796,
    269.0067254787538,
    258.5921897329935,
    249.1451972031012,
    238.9186591915968,
    229.16159772175115,
    219.63352988638528,
    210.21210773747143,
    201.13034556319073,
    191.77379507669588,
    182.78098561356708,
    174.49812607183688,
    165.66343205149582,
    157.08224271448648,
    148.62947447241805,
    140.66218328708555,
    132.18639652903488,
    123.81202396299781,
    116.17207131734709,
    108.49992575296541,
    100.43987203458461,
    92.27139155690263,
    84.30927280332983,
    76.93832810564739,
    69.78633422851563,
    61.83988967523342,
    55.22886302296708,
    48.6714916694455,
    40.82252502441406,
    33.28161794150748,
    26.89817830527701,
    20.151686217145222,
    12.724098605644413,
    6.4625698415244495,
    0.010126046436588938,
    -6.537718614717809,
    -12.541403670427275,
    -18.5348374948269,
    -25.017910468869093,
    -29.64967496918469,
    -36.60869628161919
  ],
  "eval_elbo": [
    -422.23915703005906,
    -388.92963152629574,
    -376.5502372927782,
    -362.76840239734184,
    -346.9308427019817,
    -334.12603968178354,
    -323.8585593618998,
    -313.50227616472944,
    -302.31411758050683,
    -290.2325698480374,
    -279.0688029963796,
    -269.0067254787538,
    -258.5921897329935,
    -249.1451972031012,
    -238.9186591915968,
    -229.16159772175115,
    -219.63352988638528,
    -210.21210773747143,
    -201.13034556319073,
    -191.77379507669588,
    -182.78098561356708,
    -174.49812607183688,
    -165.66343205149582,
    -157.08224271448648,
    -148.62947447241805,
    -140.66218328708555,
    -132.18639652903488,
    -123.81202396299781,
    -116.17207131734709,
    -108.49992575296541,
    -100.43987203458461,
    -92.27139155690263,
    -84.30927280332983,
    -76.93832810564739,
    -69.78633422851563,
    -61.83988967523342,
    -55.22886302296708,
    -48.6714916694455,
    -40.82252502441406,
    -33.28161794150748,
    -26.89817830527701,
    -20.151686217145222,
    -12.724098605644413,
    -6.4625698415244495,
    -0.010126046436588938,
    6.537718614717809,
    12.541403670427275,
    18.5348374948269,
    25.017910468869093,
    29.64967496918469,
    36.60869628161919
  ],