{
  "pair_indices": [
    [
      580,
      435
    ],
    [
      349,
      184
    ],
    [
      210,
      27
    ],
    [
      51,
      11
    ],
    [
      802,
      1238
    ],
    [
      1126,
      1306
    ],
    [
      1026,
      1097
    ],
    [
      2028,
      1863
    ],
    [
      1797,
      1736
    ],
    [
      1747,
      2003
    ],
    [
      568,
      1670
    ],
    [
      1373,
      5
    ],
    [
      807,
      1755
    ],
    [
      1135,
      68
    ],
    [
      1733,
      359
    ],
    [
      182,
      1767
    ],
    [
      45,
      1108
    ],
    [
      825,
      57
    ],
    [
      16,
      1373
    ],
    [
      526,
      1260
    ],
    [
      498,
      835
    ],
    [
      498,
      1355
    ],
    [
      498,
      833
    ],
    [
      1207,
      1891
    ],
    [
      498,
      840
    ]
  ],
  "euclidean": [
    0.47708722949028015,
    0.12858165800571442,
    0.5184794068336487,
    0.13261103630065918,
    3.4640848636627197,
    1.7615783214569092,
    2.3700203895568848,
    1.2181671857833862,
    1.0470232963562012,
    0.5359825491905212,
    1.8048301935195923,
    1.6503771543502808,
    2.5923428535461426,
    2.3237061500549316,
    1.8953667879104614,
    4.943033695220947,
    3.6958024501800537,
    2.4908666610717773,
    2.8906679153442383,
    4.870997905731201,
    4.93929386138916,
    5.06768798828125,
    4.884710788726807,
    3.6504883766174316,
    5.019917011260986
  ],
  "geodesic": [
    1.2201431332719848,
    1.0595348721391527,
    1.24152591769527,
    1.1430316253285207,
    3.3556931301852035,
    2.188609032832541,
    2.3108430029355755,
    2.3217740063889,
    1.60864974781777,
    1.4106046011433915,
    2.454371919020469,
    3.0945083767556736,
    3.304774073555724,
    3.71492936510011,
    3.4179525669259747,
    4.9222262786970985,
    5.276066871977007,
    4.226908840578138,
    4.4532907555499675,
    6.464343057933598,
    6.385733152162326,
    6.604643153702109,
    6.299642328675358,
    4.447766530036496,
    6.555772221032584
  ]
}