{
  "train_loss": [
    498.34086271665615,
    399.0253251929277,
    381.8498081305088,
    369.9609949207422,
    356.385989010989,
    341.12424917069694,
    329.3482834439866,
    318.7268867539253,
    308.41971507089914,
    297.76553993085366,
    285.64974502358535,
    273.47803975199605,
    262.39509655180433,
    251.61160451588614,
    241.41890411935884,
    231.69425541431767,
    222.08589259928982,
    212.31022144732168,
    203.0755142379593,
    193.9621359204489,
    184.6694104354169,
    175.56521207741912,
    166.79141632191863,
    157.89503035586105,
    149.5049293713692,
    140.70964765723372,
    132.17349498408763,
    123.74370827401223,
    115.58445793775994,
    107.29239423516614,
    98.92619351676969,
    90.85508453220092,
    82.91872246710808,
    74.73261869288481,
    66.89070380913033,
    59.05138510400122,
    51.33445338713817,
    43.62751294929029,
    36.26954238668029,
    28.891909090445008,
    21.34667443355798,
    13.975016940935483,
    6.765976313124064,
    -0.7913775379986699,
    -7.717768128829416,
    -14.909008498884674,
    -21.86853899041666,
    -28.98226159949297,
    -36.24521699376741,
    -42.69680456829886
  ],
  "train_elbo": [
    -498.34086271665615,
    -399.0253251929277,
    -381.8498081305088,
    -369.9609949207422,
    -356.385989010989,
    -341.12424917069694,
    -329.3482834439866,
    -318.7268867539253,
    -308.41971507089914,
    -297.76553993085366,
    -285.64974502358535,
    -273.47803975199605,
    -262.39509655180433,
    -251.61160451588614,
    -241.41890411935884,
    -231.69425541431767,
    -222.08589259928982,
    -212.31022144732168,
    -203.0755142379593,
    -193.9621359204489,
    -184.6694104354169,
    -175.56521207741912,
    -166.79141632191863,
    -157.89503035586105,
    -149.5049293713692,
    -140.70964765723372,
    -132.17349498408763,
    -123.74370827401223,
    -115.58445793775994,
    -107.29239423516614,
    -98.92619351676969,
    -90.85508453220092,
    -82.91872246710808,
    -74.73261869288481,
    -66.89070380913033,
    -59.05138510400122,
    -51.33445338713817,
    -43.62751294929029,
    -36.26954238668029,
    -28.891909090445008,
    -21.34667443355798,
    -13.975016940935483,
    -6.765976313124064,
    0.7913775379986699,
    7.717768128829416,
    14.909008498884674,
    21.86853899041666,
    28.98226159949297,
    36.24521699376741,
    42.69680456829886
  ],
  "train_recon_log_prob": [
    -494.7444530296093,
    -396.00928490793603,
    -381.68224236904047,
    -369.1493184482076,
    -354.2093024061713,
    -338.75523236732346,
    -326.851308410421,
    -316.05296908833895,
    -305.61723053761017,
    -294.69878341805224,
    -282.0150861169538,
    -269.51835201948114,
    -258.16268855689935,
    -247.22905875591422,
    -236.8922327807826,
    -227.09674472832126,
    -217.48728765876592,
    -207.69059865203968,
    -198.37107428060492,
    -189.13965354239403,
    -179.8444382850358,
    -170.63998150388835,
    -161.92846303341298,
    -153.03550735119643,
    -144.30373005290608,
    -135.69460115910158,
    -127.02631091256427,
    -118.60138103405926,
    -110.34254523569557,
    -102.02806335374694,
    -93.67566825298454,
    -85.56100427536737,
    -77.61695260035104,
    -69.33677060379941,
    -61.47585050235883,
    -53.56854995149978,
    -45.787362723996786,
    -38.069190436376026,
    -30.53706079932505,
    -23.128739271990693,
    -15.69405033824208,
    -8.06130974284022,
    -0.9603992754432017,
    6.76071678784304,
    13.597877863417033,
    20.914073620378172,
    27.93705124441666,
    35.042592338589955,
    42.40994734059615,
    48.94471820370182
  ],
  "train_kl": [
    3.596411531261181,
    3.0160427107333554,
    0.1675623427526127,
    0.8116737861773033,
    2.1766726158477447,
    2.3690218424767946,
    2.4969752422910325,
    2.673912547010205,
    2.8024886207557276,
    3.0667673874832917,
    3.6346547885983274,
    3.959683084371471,
    4.232398651458404,
    4.382545924157595,
    4.526675286019387,
    4.597511916224628,
    4.598606627211612,
    4.619625540443392,
    4.704439419966477,
    4.822485224522368,
    4.8249731587839655,
    4.9252305211310565,
    4.862957383832361,
    4.859527429527124,
    5.201199967637021,
    5.015046692593193,
    5.147185892121405,
    5.142329445397606,
    5.241911591190995,
    5.264331095675701,
    5.250524003863771,
    5.294080175322927,
    5.301768094483167,
    5.395848550784865,
    5.414854617345901,
    5.482835033728818,
    5.547090351072132,
    5.558323004306891,
    5.732481625199464,
    5.763169185000316,
    5.6526241180224295,
    5.913706892430419,
    5.805577179160019,
    5.9693389311523815,
    5.880109540708772,
    6.005064666780651,
    6.06851130731231,
    6.060330507956145,
    6.164731620723366,
    6.2479140604226435
  ],
  "eval_loss": [
    420.6893632097942,
    389.34028990210555,
    377.6114385837462,
    363.73538565286776,
    348.6263683784299,
    335.5580876048018,
    324.78750387052213,
    314.16815408846224,
    304.0287825421589,
    292.37241836175684,
    280.1767310165777,
    268.5829847382336,
    258.23690230206745,
    248.13962045064787,
    238.30620578672827,
    228.51236750905107,
    218.98695023699506,
    209.50812035537348,
    200.65209425019054,
    191.56570739746093,
    182.63449893114043,
    173.4481440102182,
    165.0053119938548,
    156.59980751595847,
    148.47462076326696,
    139.65995892780583,
    132.1673257967321,
    123.76395914961653,
    115.72452485619522,
    107.7478494039396,
    99.85111258902201,
    91.89697351223084,
    84.51283554449314,
    76.59183118866711,
    69.4313949584961,
    61.945092996736854,
    54.68515424030583,
    47.32687108109637,
    40.308940217553115,
    33.95975620921065,
    26.45291692222037,
    19.976046771537966,
    12.75601776867378,
    5.910331214346537,
    -0.7719264891089462,
    -7.206510218187439,
    -13.721632752767423,
    -20.097064785841035,
    -25.91114957855969,
    -32.884731432286706
  ],
  "eval_elbo": [
    -420.6893632097942,
    -389.34028990210555,
    -377.6114385837462,
    -363.73538565286776,
    -348.6263683784299,
    -335.5580876048018,
    -324.78750387052213,
    -314.16815408846224,
    -304.0287825421589,
    -292.37241836175684,
    -280.1767310165777,
    -268.5829847382336,
    -258.23690230206745,
    -248.13962045064787,
    -238.30620578672827,
    -228.51236750905107,
    -218.98695023699506,
    -209.50812035537348,
    -200.65209425019054,
    -191.56570739746093,
    -182.63449893114043,
    -173.4481440102182,
    -165.0053119938548,
    -156.59980751595847,
    -148.47462076326696,
    -139.65995892780583,
    -132.1673257967321,
    -123.76395914961653,
    -115.72452485619522,
    -107.7478494039396,
    -99.85111258902201,
    -91.89697351223084,
    -84.51283554449314,
    -76.59183118866711,
    -69.4313949584961,
    -61.945092996736854,
    -54.68515424030583,
    -47.32687108109637,
    -40.308940217553115,
    -33.95975620921065,
    -26.45291692222037,
    -19.976046771537966,
    -12.75601776867378,
    -5.910331214346537,
    0.7719264891089462,
    7.206510218187439,
    13.721632752767423,
    20.097064785841035,
    25.91114957855969,
    32.884731432286706
  ],