{
  "pair_indices": [
    [
      580,
      435
    ],
    [
      349,
      184
    ],
    [
      210,
      27
    ],
    [
      51,
      11
    ],
    [
      802,
      1238
    ],
    [
      1126,
      1306
    ],
    [
      1026,
      1097
    ],
    [
      2028,
      1863
    ],
    [
      1797,
      1736
    ],
    [
      1747,
      2003
    ],
    [
      568,
      1670
    ],
    [
      1373,
      5
    ],
    [
      807,
      1755
    ],
    [
      1135,
      68
    ],
    [
      1733,
      359
    ],
    [
      182,
      1767
    ],
    [
      45,
      1108
    ],
    [
      825,
      57
    ],
    [
      16,
      1373
    ],
    [
      526,
      1260
    ],
    [
      498,
      835
    ],
    [
      498,
      1355
    ],
    [
      498,
      833
    ],
    [
      1207,
      1891
    ],
    [
      498,
      840
    ]
  ],
  "euclidean": [
    0.0212002731859684,
    0.0870867371559143,
    0.0875474214553833,
    0.013665160164237022,
    0.09061910212039948,
    0.15406939387321472,
    0.07646889239549637,
    0.03836493566632271,
    0.013589533977210522,
    0.10035474598407745,
    0.028912387788295746,
    0.3108135759830475,
    0.43024900555610657,
    0.22033332288265228,
    0.29438748955726624,
    0.2336365133523941,
    0.9180780649185181,
    1.0287178754806519,
    0.25146403908729553,
    0.7460058331489563,
    0.9432655572891235,
    0.9822226166725159,
    0.9578372836112976,
    0.5857610702514648,
    0.9709812998771667
  ],
  "geodesic": [
    0.005201653581920108,
    0.01662223069317721,
    0.016096859026625363,
    0.002956694002865217,
    0.016507525794824788,
    0.052723437517217746,
    0.02667633371895466,
    0.008701084473146338,
    0.0037214967333103048,
    0.027680860691310885,
    0.008951764440706748,
    0.08177509504296387,
    0.1426308547455652,
    0.051458471562432204,
    0.08851584474043073,
    0.05338299947399131,
    0.28433235236422044,
    0.32476718890281814,
    0.07043741309711474,
    0.2336609054918963,
    0.30341529562625613,
    0.3143972619708243,
    0.3074599818031987,
    0.1937378925724385,
    0.3106210608011917
  ]
}