{
  "train_loss": [
    495.61727651891835,
    397.800051734561,
    381.23380574842366,
    369.1696011982267,
    353.62801419771637,
    339.28340922112284,
    328.30350215851314,
    318.0685242966127,
    308.40230924538787,
    298.4353764013493,
    288.74044442089485,
    279.0564979115394,
    267.1462152315729,
    254.05263350676557,
    243.39388048779833,
    233.27500695681542,
    223.55994524274553,
    213.98875110519091,
    204.54418051024496,
    195.37556440751632,
    186.09931381281478,
    177.21693099956954,
    168.0727762820811,
    159.3421933613126,
    150.59620562170306,
    142.00953909067007,
    133.46885399824242,
    125.18665777632604,
    116.511231977861,
    108.03746374593695,
    99.86295172350165,
    91.86871697468926,
    83.66728882096771,
    75.64694596734239,
    67.70029850495168,
    59.788665901901375,
    52.122305105020715,
    44.31529882801321,
    36.81193065526867,
    28.764277524563855,
    21.319194274362044,
    14.191999267745803,
    6.804185068412196,
    -0.42629126029064074,
    -7.563101400531401,
    -14.885717517727024,
    -21.623932855906503,
    -27.848808796268973,
    -34.80146127684503,
    -41.62465286720658,
    -48.211746406788066
  ],
  "train_elbo": [
    -495.61727651891835,
    -397.800051734561,
    -381.23380574842366,
    -369.1696011982267,
    -353.62801419771637,
    -339.28340922112284,
    -328.30350215851314,
    -318.0685242966127,
    -308.40230924538787,
    -298.4353764013493,
    -288.74044442089485,
    -279.0564979115394,
    -267.1462152315729,
    -254.05263350676557,
    -243.39388048779833,
    -233.27500695681542,
    -223.55994524274553,
    -213.98875110519091,
    -204.54418051024496,
    -195.37556440751632,
    -186.09931381281478,
    -177.21693099956954,
    -168.0727762820811,
    -159.3421933613126,
    -150.59620562170306,
    -142.00953909067007,
    -133.46885399824242,
    -125.18665777632604,
    -116.511231977861,
    -108.03746374593695,
    -99.86295172350165,
    -91.86871697468926,
    -83.66728882096771,
    -75.64694596734239,
    -67.70029850495168,
    -59.788665901901375,
    -52.122305105020715,
    -44.31529882801321,
    -36.81193065526867,
    -28.764277524563855,
    -21.319194274362044,
    -14.191999267745803,
    -6.804185068412196,
    0.42629126029064074,
    7.563101400531401,
    14.885717517727024,
    21.623932855906503,
    27.848808796268973,
    34.80146127684503,
    41.62465286720658,
    48.211746406788066
  ],
  "train_recon_log_prob": [
    -490.4427232008714,
    -394.9193116724855,
    -381.00857916565315,
    -367.9173425620874,
    -351.25267336220094,
    -337.2506850246108,
    -326.1830576243418,
    -315.77633279467386,
    -306.1046748085627,
    -295.8907183040484,
    -286.18643985883364,
    -276.32716401301604,
    -263.72522896753856,
    -249.83933242220292,
    -239.06441278888482,
    -228.87144762721545,
    -219.19186660338087,
    -209.3448684934586,
    -199.90455875233707,
    -190.666009681711,
    -181.4132546970987,
    -172.37415363092853,
    -163.3320795601832,
    -154.49190559433785,
    -145.61109382154305,
    -137.0339858133132,
    -128.3919172834273,
    -120.11692374093192,
    -111.31170827565175,
    -102.92466841104994,
    -94.57530237554194,
    -86.58209576915327,
    -78.19873204306951,
    -70.30464884999034,
    -62.22103860410287,
    -54.17954789791643,
    -46.56375289749313,
    -38.760194571172505,
    -31.080075949830743,
    -23.017090148832626,
    -15.562374546996548,
    -8.401151849527789,
    -0.8388529574914729,
    6.3580655294751365,
    13.673590973328904,
    20.87264821817587,
    27.598024610489134,
    33.918873448074955,
    41.09372731675741,
    47.813018915271876,
    54.43904730921409
  ],
  "train_kl": [
    5.17455915347997,
    2.880734003725506,
    0.2252320240414332,
    1.2522596168867397,
    2.375338618426387,
    2.0327260648520147,
    2.1204383277194405,
    2.2921903738899836,
    2.2976357529306006,
    2.5446610264434626,
    2.553997264240251,
    2.7293327757144876,
    3.420980477653289,
    4.213298105931544,
    4.329464664971581,
    4.403558687412695,
    4.368073950757037,
    4.643883398892096,
    4.639629216130109,
    4.7095543421231785,
    4.686058317494188,
    4.842775133503226,
    4.740698293306306,
    4.850285176683549,
    4.9851164945898185,
    4.975553752447368,
    5.076937662085043,
    5.069734824882759,
    5.1995242722014074,
    5.1127960789625755,
    5.287650494930654,
    5.286621398832626,
    5.468556389558301,
    5.342298174661304,
    5.479259429251609,
    5.60911782524379,
    5.55855104541895,
    5.55510433951577,
    5.731855546744024,
    5.747188582670703,
    5.756819928230966,
    5.790847749791594,
    5.965332191360157,
    5.931774048578172,
    6.110489442380502,
    5.986930342966529,
    5.974092194157788,
    6.070064838115986,
    6.2922653546409,
    6.188364715366573,
    6.227300626454336
  ],
  "eval_loss": [
    419.5911138767149,
    388.82994727157967,
    377.001728634718,
    362.44980960008576,
    346.41631469726565,
    334.26989388814786,
    324.25331912157014,
    314.12048086771154,
    304.2006706423876,
    294.5515410632622,
    284.72314527558115,
    274.04728214915207,
    261.153400849133,
    249.71798341332413,
    239.5969665527344,
    229.7128962074838,
    220.21672378167872,
    210.93396926507717,
    201.6372904707746,
    192.40812340713128,
    184.2200654564834,
    174.94987614329267,
    166.55544485696933,
    157.90752258300782,
    149.53895807033632,
    141.00826825397772,
    132.90802277355658,
    124.71760026885242,
    116.87217236030392,
    108.85587318234327,
    101.14192709573885,
    93.25934191447932,
    85.45439367526915,
    78.12489519817073,
    70.33471828553735,
    62.55170533715225,
    54.974905972364475,
    48.60084676975157,
    40.835724639892575,
    33.352312320616186,
    26.865266316111494,
    20.642905118988782,
    12.599054020207102,
    5.954562684966296,
    -0.9341002755048798,
    -7.576741113895324,
    -12.84494458175287,
    -18.800054978161324,
    -25.680672119884957,
    -32.60284016306807,
    -38.41176754090844
  ],
  "eval_elbo": [
    -419.5911138767149,
    -388.82994727157967,
    -377.001728634718,
    -362.44980960008576,
    -346.41631469726565,
    -334.26989388814786,
    -324.25331912157014,
    -314.12048086771154,
    -304.2006706423876,
    -294.5515410632622,
    -284.72314527558115,
    -274.04728214915207,
    -261.153400849133,
    -249.71798341332413,
    -239.5969665527344,
    -229.7128962074838,
    -220.21672378167872,
    -210.93396926507717,
    -201.6372904707746,
    -192.40812340713128,
    -184.2200654564834,
    -174.94987614329267,
    -166.55544485696933,
    -157.90752258300782,
    -149.53895807033632,
    -141.00826825397772,
    -132.90802277355658,
    -124.71760026885242,
    -116.87217236030392,
    -108.85587318234327,
    -101.14192709573885,
    -93.25934191447932,
    -85.45439367526915,
    -78.12489519817073,
    -70.33471828553735,
    -62.55170533715225,
    -54.974905972364475,
    -48.60084676975157,
    -40.835724639892575,
    -33.352312320616186,
    -26.865266316111494,
    -20.642905118988782,
    -12.599054020207102,
    -5.954562684966296,
    0.9341002755048798,
    7.576741113895324,
    12.84494458175287,
    18.800054978161324,
    25.680672119884957,
    32.60284016306807,
    38.41176754090844
  ],