{
  "pair_indices": [
    [
      580,
      435
    ],
    [
      349,
      184
    ],
    [
      210,
      27
    ],
    [
      51,
      11
    ],
    [
      802,
      1238
    ],
    [
      1126,
      1306
    ],
    [
      1026,
      1097
    ],
    [
      2028,
      1863
    ],
    [
      1797,
      1736
    ],
    [
      1747,
      2003
    ],
    [
      568,
      1670
    ],
    [
      1373,
      5
    ],
    [
      807,
      1755
    ],
    [
      1135,
      68
    ],
    [
      1733,
      359
    ],
    [
      182,
      1767
    ],
    [
      45,
      1108
    ],
    [
      825,
      57
    ],
    [
      16,
      1373
    ],
    [
      526,
      1260
    ],
    [
      498,
      835
    ],
    [
      498,
      1355
    ],
    [
      498,
      833
    ],
    [
      1207,
      1891
    ],
    [
      498,
      840
    ]
  ],
  "euclidean": [
    0.513214647769928,
    0.17363573610782623,
    0.5470582246780396,
    0.1200978234410286,
    3.9936976432800293,
    1.9763840436935425,
    2.513639450073242,
    2.0989346504211426,
    0.9530476331710815,
    0.4773162603378296,
    1.3345186710357666,
    1.7803115844726562,
    2.6118483543395996,
    2.184675931930542,
    1.6982365846633911,
    3.79548978805542,
    3.9888124465942383,
    2.82448148727417,
    2.9422404766082764,
    5.1141037940979,
    4.621456623077393,
    4.6873602867126465,
    4.6914167404174805,
    3.5765857696533203,
    4.6170806884765625
  ],
  "geodesic": [
    1.3060296744382593,
    1.2474258143167536,
    1.3042638399202575,
    1.1268282445939293,
    3.5133347574866907,
    2.1811574265912066,
    2.3955201538614013,
    3.050261820827541,
    1.5642500422915002,
    1.5198379638536634,
    2.3248006140419974,
    3.198639347954641,
    3.2657669255567745,
    3.179413954756934,
    3.1615378020519875,
    4.400812351490045,
    5.667997017072863,
    4.664608410655267,
    4.445607046549335,
    6.325692771395552,
    6.356377722433127,
    6.368671342627923,
    6.397958739910539,
    4.638485399212339,
    6.292539253945991
  ]
}