{
  "train_loss": [
    501.6243310725733,
    399.7470441545759,
    382.24996672503386,
    371.3763699374356,
    359.97833266857924,
    349.0153364803328,
    334.17145151736827,
    321.5838804140196,
    310.78494937137515,
    300.5738780635326,
    290.2916226975065,
    280.5102265186799,
    270.3021904988458,
    258.8955289959471,
    248.28427323375138,
    238.37069519564636,
    228.28609623984684,
    217.50920906113473,
    207.03590868156908,
    196.97369036365924,
    187.64253693185884,
    177.94489000481127,
    168.7376199053903,
    159.427484812754,
    150.5386214669662,
    141.3553904066447,
    132.8213897444244,
    124.11014637929615,
    115.70975001594813,
    107.42143473083719,
    99.12167541913789,
    90.54030090257507,
    82.69200138935093,
    73.95571056827085,
    66.03698634984875,
    58.03903971894466,
    49.96928037799467,
    42.31412974207392,
    34.59871469807421,
    26.66845801636413,
    19.284138787797083,
    11.755769253359318,
    4.801929138518951,
    -2.0952900978526205,
    -9.491465322846167,
    -17.050719374119872,
    -24.29602866586166,
    -31.356967399699638,
    -37.92013578216962,
    -44.725290985480044
  ],
  "train_elbo": [
    -501.6243310725733,
    -399.7470441545759,
    -382.24996672503386,
    -371.3763699374356,
    -359.97833266857924,
    -349.0153364803328,
    -334.17145151736827,
    -321.5838804140196,
    -310.78494937137515,
    -300.5738780635326,
    -290.2916226975065,
    -280.5102265186799,
    -270.3021904988458,
    -258.8955289959471,
    -248.28427323375138,
    -238.37069519564636,
    -228.28609623984684,
    -217.50920906113473,
    -207.03590868156908,
    -196.97369036365924,
    -187.64253693185884,
    -177.94489000481127,
    -168.7376199053903,
    -159.427484812754,
    -150.5386214669662,
    -141.3553904066447,
    -132.8213897444244,
    -124.11014637929615,
    -115.70975001594813,
    -107.42143473083719,
    -99.12167541913789,
    -90.54030090257507,
    -82.69200138935093,
    -73.95571056827085,
    -66.03698634984875,
    -58.03903971894466,
    -49.96928037799467,
    -42.31412974207392,
    -34.59871469807421,
    -26.66845801636413,
    -19.284138787797083,
    -11.755769253359318,
    -4.801929138518951,
    2.0952900978526205,
    9.491465322846167,
    17.050719374119872,
    24.29602866586166,
    31.356967399699638,
    37.92013578216962,
    44.725290985480044
  ],
  "train_recon_log_prob": [
    -501.2608366466704,
    -398.3289635813134,
    -382.2146838960193,
    -371.0929643307268,
    -358.7399576301249,
    -347.18870706523296,
    -331.5573023981227,
    -319.54211578555453,
    -308.42190842401413,
    -298.1054509760259,
    -287.8331604749146,
    -277.86655665433744,
    -267.5712415161878,
    -255.3293656010331,
    -244.811523083511,
    -234.71869188991076,
    -224.14718234815587,
    -213.3525171524439,
    -202.41721834920992,
    -192.42854441362132,
    -182.9749985020676,
    -173.2164810981797,
    -163.9668435083932,
    -154.57181076776413,
    -145.5137935540615,
    -136.4585225125081,
    -127.8189699873965,
    -119.00309212187416,
    -110.55277474837716,
    -102.153685843406,
    -93.83455623491635,
    -85.27326262011779,
    -77.25750296456474,
    -68.50791567382068,
    -60.6277827913799,
    -52.420686565767134,
    -44.37756223294325,
    -36.57483691028041,
    -28.8886599744487,
    -20.945274003696092,
    -13.393908747532137,
    -5.887448830191178,
    1.1515089391352056,
    8.060207741892237,
    15.484967069893676,
    23.17001363500425,
    30.45464841029874,
    37.53320114079849,
    44.078685043204544,
    50.9713875534188
  ],
  "train_kl": [
    0.36348946008635674,
    1.4180901525439797,
    0.035288231417773264,
    0.2833942091945327,
    1.2383743188320062,
    1.8266420742822072,
    2.614150966043437,
    2.0417579983034706,
    2.363041377620674,
    2.4684267276954883,
    2.4584650775015136,
    2.6436718223441362,
    2.7309474371582887,
    3.566162096275078,
    3.472748093552642,
    3.6520031956962615,
    4.138910139873351,
    4.1566914405869335,
    4.618690611241938,
    4.545141514695462,
    4.667538019909236,
    4.728408061832154,
    4.77077458629678,
    4.855676709222852,
    5.024824727003682,
    4.896864981878371,
    5.002422494038266,
    5.107056193881565,
    5.156976995596228,
    5.267748260963822,
    5.287119134732946,
    5.267038072858538,
    5.434499102488833,
    5.447796161358173,
    5.4092039165333805,
    5.61835355665512,
    5.591718204437741,
    5.739293554909209,
    5.7100552004626675,
    5.723183669741192,
    5.890230189312946,
    5.868320240933671,
    5.953437830211188,
    5.964917658595084,
    5.993501642830352,
    6.1192942678710045,
    6.158619923178239,
    6.17623395768423,
    6.15854891927251,
    6.246097230503702
  ],
  "eval_loss": [
    418.2317082102706,
    389.8499943430831,
    379.3017103241711,
    371.196250357279,
    361.71215850085747,
    343.1538213962462,
    328.4764545719798,
    317.0796434355945,
    306.8837253477515,
    296.4125400450171,
    286.0908657167016,
    276.2211553806212,
    265.3293863436071,
    254.4328870075505,
    244.4962277296113,
    234.85859412216558,
    224.16114286097084,
    213.48740301364805,
    203.53101218618997,
    194.0753858612805,
    185.2111096638005,
    175.88342992270864,
    167.26040708960556,
    157.88317536144723,
    149.28696080649772,
    140.45250169707506,
    132.3042056944312,
    124.00981705828411,
    116.41772085050258,
    108.09308810350372,
    100.4390080893912,
    92.60860175156012,
    84.33080194984994,
    76.43500168963176,
    68.42871168183117,
    61.315084578351275,
    53.73999842201791,
    45.762041715296306,
    39.130553454887576,
    31.46534429410609,
    24.51835345756717,
    17.91701069343381,
    11.777812278561475,
    5.823108845222287,
    -3.0516907850416697,
    -8.869606376275783,
    -15.868541708225157,
    -21.968096588879096,
    -28.378587238963057,
    -34.666914283938524
  ],
  "eval_elbo": [
    -418.2317082102706,
    -389.8499943430831,
    -379.3017103241711,
    -371.196250357279,
    -361.71215850085747,
    -343.1538213962462,
    -328.4764545719798,
    -317.0796434355945,
    -306.8837253477515,
    -296.4125400450171,
    -286.0908657167016,
    -276.2211553806212,
    -265.3293863436071,
    -254.4328870075505,
    -244.4962277296113,
    -234.85859412216558,
    -224.16114286097084,
    -213.48740301364805,
    -203.53101218618997,
    -194.0753858612805,
    -185.2111096638005,
    -175.88342992270864,
    -167.26040708960556,
    -157.88317536144723,
    -149.28696080649772,
    -140.45250169707506,
    -132.3042056944312,
    -124.00981705828411,
    -116.41772085050258,
    -108.09308810350372,
    -100.4390080893912,
    -92.60860175156012,
    -84.33080194984994,
    -76.43500168963176,
    -68.42871168183117,
    -61.315084578351275,
    -53.73999842201791,
    -45.762041715296306,
    -39.130553454887576,
    -31.46534429410609,
    -24.51835345756717,
    -17.91701069343381,
    -11.777812278561475,
    -5.823108845222287,
    3.0516907850416697,
    8.869606376275783,
    15.868541708225157,
    21.968096588879096,
    28.378587238963057,
    34.666914283938524
  ],