{
  "seeds": [
    0,
    1,
    2,
    3,
    4,
    5,
    6,
    7,
    8,
    9
  ],
  "euclidean_mean": [
    0.4577641487121582,
    0.22289994359016418,
    0.4559113383293152,
    0.12043163925409317,
    3.2663681507110596,
    1.685352087020874,
    2.178762435913086,
    1.2169702053070068,
    0.7172878980636597,
    0.3699423670768738,
    1.5394198894500732,
    1.7043092250823975,
    2.0121188163757324,
    1.7946208715438843,
    1.5672650337219238,
    2.664665937423706,
    3.2449276447296143,
    2.466541290283203,
    2.405916929244995,
    4.229918956756592,
    3.8953323364257812,
    3.9246551990509033,
    3.8867733478546143,
    2.4438798427581787,
    3.8953700065612793
  ],
  "euclidean_std": [
    0.21990767121315002,
    0.06835608184337616,
    0.19608917832374573,
    0.08610200881958008,
    1.6540783643722534,
    0.7831307053565979,
    1.0803285837173462,
    0.6649060845375061,
    0.3629777133464813,
    0.16688849031925201,
    1.0040783882141113,
    0.8403723835945129,
    0.9030590653419495,
    0.8605406284332275,
    0.7323088049888611,
    1.6021002531051636,
    1.3825702667236328,
    0.99888014793396,
    1.1613367795944214,
    1.9270484447479248,
    1.6328662633895874,
    1.6503218412399292,
    1.617120385169983,
    1.343469500541687,
    1.6412858963012695
  ],
  "euclidean_cov": [
    0.4803951382637024,
    0.30666711926460266,
    0.43010374903678894,
    0.7149450778961182,
    0.5063967704772949,
    0.4646688997745514,
    0.4958450496196747,
    0.5463618636131287,
    0.5060418844223022,
    0.4511202275753021,
    0.6522446274757385,
    0.4930868148803711,
    0.44881001114845276,
    0.4795111119747162,
    0.4672527015209198,
    0.6012386679649353,
    0.4260712265968323,
    0.40497198700904846,
    0.48270028829574585,
    0.45557573437690735,
    0.4191853404045105,
    0.42050111293792725,
    0.416057288646698,
    0.5497281551361084,
    0.42134276032447815
  ],
  "geodesic_mean": [
    1.3589584992616905,
    1.2536100947055042,
    1.349774179580907,
    1.261105065298438,
    3.2034687760200895,
    2.189239651098564,
    2.304029764818842,
    2.513024935542279,
    1.607153364962055,
    1.4580126082044604,
    2.458631066890465,
    3.2588834788997416,
    2.864738064978755,
    3.145861250664785,
    3.2630951365742638,
    3.7410192842797327,
    4.771937034509234,
    4.109737133359581,
    4.097487206741656,
    5.58486255998575,
    5.489724447090093,
    5.482452150951974,
    5.466665087099225,
    3.765717107733232,
    5.452242687220357
  ],
  "geodesic_std": [
    0.32369864799496095,
    0.37108436970427044,
    0.33318921353355163,
    0.3910375548303533,
    0.662301243379484,
    0.1863104723273823,
    0.25396002973507087,
    0.43265789714266595,
    0.23312024024448078,
    0.2847186539002616,
    0.4822846682065522,
    0.8713558510136942,
    0.48516624575383294,
    0.6148753261484619,
    0.8002687860540447,
    0.9986714126099328,
    1.5077133652405141,
    1.2404654615970214,
    1.1501944471767789,
    1.8536291540316376,
    1.8143282946443524,
    1.808473778884663,
    1.7975027804987083,
    1.034061395053378,
    1.7987487486227027
  ],
  "geodesic_cov": [
    0.23819612458424846,
    0.29601258897922716,
    0.24684811620637456,
    0.3100753185364576,
    0.2067450284944905,
    0.08510282199296518,
    0.11022428338942873,
    0.17216617751120877,
    0.14505164555343153,
    0.19527859519053956,
    0.19615983654534963,
    0.2673786456789427,
    0.169357977849689,
    0.19545532277322342,
    0.2452483769425739,
    0.26695168795480007,
    0.3159541616616435,
    0.30183571876846044,
    0.280707269881001,
    0.33190237613230844,
    0.3304953303450528,
    0.32986585730085016,
    0.3288115792461171,
    0.27459879897240336,
    0.3299098832923988
  ],
  "euclidean_cov_global_mean": 0.48163291811943054,
  "geodesic_cov_global_mean": 0.24681334095132748
}