{
  "pair_indices": [
    [
      580,
      435
    ],
    [
      349,
      184
    ],
    [
      210,
      27
    ],
    [
      51,
      11
    ],
    [
      802,
      1238
    ],
    [
      1126,
      1306
    ],
    [
      1026,
      1097
    ],
    [
      2028,
      1863
    ],
    [
      1797,
      1736
    ],
    [
      1747,
      2003
    ],
    [
      568,
      1670
    ],
    [
      1373,
      5
    ],
    [
      807,
      1755
    ],
    [
      1135,
      68
    ],
    [
      1733,
      359
    ],
    [
      182,
      1767
    ],
    [
      45,
      1108
    ],
    [
      825,
      57
    ],
    [
      16,
      1373
    ],
    [
      526,
      1260
    ],
    [
      498,
      835
    ],
    [
      498,
      1355
    ],
    [
      498,
      833
    ],
    [
      1207,
      1891
    ],
    [
      498,
      840
    ]
  ],
  "euclidean": [
    0.5133000016212463,
    0.26157045364379883,
    0.5688844323158264,
    0.1439632624387741,
    3.696481943130493,
    1.9567861557006836,
    2.456723928451538,
    2.30668568611145,
    1.3504250049591064,
    0.47775760293006897,
    1.8660989999771118,
    1.720952033996582,
    2.7318453788757324,
    1.9168275594711304,
    1.7354176044464111,
    3.6660752296447754,
    3.950925588607788,
    2.6469016075134277,
    2.9527997970581055,
    4.966733455657959,
    5.2197957038879395,
    5.468593597412109,
    5.169205665588379,
    3.836153745651245,
    5.419167995452881
  ],
  "geodesic": [
    0.7627844764472138,
    0.3760256846651781,
    0.8506905527523232,
    0.21449737370268174,
    3.23153355311676,
    2.075532601266108,
    2.0792068304286544,
    3.3683874554433006,
    1.4381880564752176,
    0.9691003965602745,
    2.1915932641833917,
    2.9074871752415925,
    3.3925621019159613,
    2.452836523892176,
    3.0385856352353624,
    4.301502302464276,
    5.499872552955648,
    4.270462144057493,
    4.33771012646481,
    6.094151253816608,
    6.440678672807503,
    6.978044956839827,
    6.4241758062835626,
    4.845782241267673,
    6.7891560538181555
  ]
}