{
  "train_loss": [
    495.06572580861524,
    400.63431169931414,
    381.41869170732696,
    368.0483081337879,
    353.56485372876364,
    339.9096180749318,
    328.44824878287403,
    317.68323376181655,
    306.0707095266116,
    294.0265385554387,
    282.4687761206621,
    270.7260581588279,
    260.42113231244394,
    250.01414655561993,
    240.41178186064965,
    230.97656523875702,
    221.47881657154423,
    212.1397005111452,
    202.58741251627603,
    193.68963164724272,
    184.731688670623,
    175.49908627986326,
    166.64505001156613,
    157.74894323104468,
    149.0143606630728,
    140.3825417170449,
    131.9619101034125,
    123.45288573138151,
    115.10380724672869,
    107.05698786957942,
    98.74372059841878,
    90.42715818337614,
    82.4278324020069,
    74.38323477161673,
    66.25352970351521,
    58.31637470305912,
    50.70102435008364,
    42.96966364561274,
    35.48952344165471,
    28.369222976349214,
    20.53417773590274,
    12.817439025720542,
    5.6095053977873155,
    -1.505502712450039,
    -8.87198829185104,
    -15.938363339583661,
    -23.01155166486244,
    -29.448606996454743,
    -36.15858843271258,
    -43.13766107337961,
    -49.55407476832724
  ],
  "train_elbo": [
    -495.06572580861524,
    -400.63431169931414,
    -381.41869170732696,
    -368.0483081337879,
    -353.56485372876364,
    -339.9096180749318,
    -328.44824878287403,
    -317.68323376181655,
    -306.0707095266116,
    -294.0265385554387,
    -282.4687761206621,
    -270.7260581588279,
    -260.42113231244394,
    -250.01414655561993,
    -240.41178186064965,
    -230.97656523875702,
    -221.47881657154423,
    -212.1397005111452,
    -202.58741251627603,
    -193.68963164724272,
    -184.731688670623,
    -175.49908627986326,
    -166.64505001156613,
    -157.74894323104468,
    -149.0143606630728,
    -140.3825417170449,
    -131.9619101034125,
    -123.45288573138151,
    -115.10380724672869,
    -107.05698786957942,
    -98.74372059841878,
    -90.42715818337614,
    -82.4278324020069,
    -74.38323477161673,
    -66.25352970351521,
    -58.31637470305912,
    -50.70102435008364,
    -42.96966364561274,
    -35.48952344165471,
    -28.369222976349214,
    -20.53417773590274,
    -12.817439025720542,
    -5.6095053977873155,
    1.505502712450039,
    8.87198829185104,
    15.938363339583661,
    23.01155166486244,
    29.448606996454743,
    36.15858843271258,
    43.13766107337961,
    49.55407476832724
  ],
  "train_recon_log_prob": [
    -489.31207476605425,
    -396.11099422021664,
    -381.0911805987795,
    -366.5647924327734,
    -351.0729395827968,
    -337.51159817016753,
    -325.93284757844697,
    -315.1300564534207,
    -303.1178701771048,
    -290.4778953244835,
    -278.61834139235873,
    -266.4226352565891,
    -256.1536537701394,
    -245.57161272023333,
    -235.8965324057182,
    -226.3638180463742,
    -216.85699474069224,
    -207.49904901786311,
    -197.8099842001667,
    -188.87215761736635,
    -179.81123538360782,
    -170.69774662152898,
    -161.64070399544033,
    -152.78455172994052,
    -143.90716386918476,
    -135.32696644989124,
    -126.78312226645967,
    -118.27861678760422,
    -109.82570509392409,
    -101.84695510957413,
    -93.28879518241091,
    -85.09868665609022,
    -76.89740259452326,
    -68.9692261012337,
    -60.585570050101,
    -52.818374978462565,
    -45.036747989491516,
    -37.25069709749886,
    -29.7472352597303,
    -22.640134622762492,
    -14.689400153573471,
    -6.802130312600852,
    0.2446726477626479,
    7.648690593984974,
    14.86197766687116,
    21.97040791680379,
    29.10015807658325,
    35.63365601619958,
    42.254485441214875,
    49.42535087389824,
    55.81288739904234
  ],
  "train_kl": [
    5.753651670229158,
    4.52332124292341,
    0.32752168356862843,
    1.4835089551369058,
    2.4919012990189997,
    2.3980232830886004,
    2.515402036126571,
    2.553168619072044,
    2.952839901159098,
    3.5486479731269807,
    3.8504294592236716,
    4.303423699296292,
    4.2674761895586135,
    4.442536982278975,
    4.515250520973997,
    4.612750101147699,
    4.621819433857379,
    4.640652165162549,
    4.7774241969116735,
    4.81746827289735,
    4.920451039068574,
    4.801340050749726,
    5.004345170744172,
    4.9643949513324745,
    5.1071943782624745,
    5.055575810363732,
    5.178784606220958,
    5.174265621054886,
    5.278101163032727,
    5.2100326295882935,
    5.45492374736893,
    5.328471319433825,
    5.530431729969961,
    5.4140080823420895,
    5.667959868835151,
    5.497999046893929,
    5.664277336390755,
    5.718966763534826,
    5.742288480020414,
    5.729087862194094,
    5.844777649284428,
    6.015308739355923,
    5.85417818237137,
    6.143187956058935,
    5.989989613147591,
    6.032044442727598,
    6.088605778849023,
    6.185048818879366,
    6.095897597125453,
    6.287689413343157,
    6.258811698582874
  ],
  "eval_loss": [
    425.87862801900724,
    389.297429228992,
    375.6742153260766,
    361.4311892625762,
    346.37442403653773,
    334.8734864769912,
    323.9157345655488,
    312.7054246855945,
    300.5563985685023,
    288.60692987209416,
    277.4852613495617,
    266.9582576100419,
    256.5347703887195,
    246.95454563047826,
    237.3883698998428,
    228.2572185237233,
    218.83042327136528,
    209.54664552269912,
    200.72350248011148,
    192.20637147484757,
    182.75592033572315,
    174.4748166712319,
    166.01242445038585,
    157.21699025223896,
    148.2262613436071,
    140.44378453696646,
    132.24891550947982,
    124.06051739948552,
    115.10820956346465,
    108.4808248752501,
    99.6036599508146,
    92.02289250071456,
    84.83266661108993,
    76.85148479182546,
    68.99554778308404,
    61.47594321646341,
    54.350565300918205,
    47.41714633848609,
    39.67169031282751,
    33.5361992068407,
    26.170443251074815,
    18.80014896858029,
    11.9821686814471,
    5.4153111899771345,
    -1.5560815497142513,
    -8.017085684799566,
    -14.704629758509194,
    -19.667539038309236,
    -27.004410915839962,
    -32.646543409766224,
    -39.13733449796351
  ],
  "eval_elbo": [
    -425.87862801900724,
    -389.297429228992,
    -375.6742153260766,
    -361.4311892625762,
    -346.37442403653773,
    -334.8734864769912,
    -323.9157345655488,
    -312.7054246855945,
    -300.5563985685023,
    -288.60692987209416,
    -277.4852613495617,
    -266.9582576100419,
    -256.5347703887195,
    -246.95454563047826,
    -237.3883698998428,
    -228.2572185237233,
    -218.83042327136528,
    -209.54664552269912,
    -200.72350248011148,
    -192.20637147484757,
    -182.75592033572315,
    -174.4748166712319,
    -166.01242445038585,
    -157.21699025223896,
    -148.2262613436071,
    -140.44378453696646,
    -132.24891550947982,
    -124.06051739948552,
    -115.10820956346465,
    -108.4808248752501,
    -99.6036599508146,
    -92.02289250071456,
    -84.83266661108993,
    -76.85148479182546,
    -68.99554778308404,
    -61.47594321646341,
    -54.350565300918205,
    -47.41714633848609,
    -39.67169031282751,
    -33.5361992068407,
    -26.170443251074815,
    -18.80014896858029,
    -11.9821686814471,
    -5.4153111899771345,
    1.5560815497142513,
    8.017085684799566,
    14.704629758509194,
    19.667539038309236,
    27.004410915839962,
    32.646543409766224,
    39.13733449796351
  ],