{
  "pair_indices": [
    [
      580,
      435
    ],
    [
      349,
      184
    ],
    [
      210,
      27
    ],
    [
      51,
      11
    ],
    [
      802,
      1238
    ],
    [
      1126,
      1306
    ],
    [
      1026,
      1097
    ],
    [
      2028,
      1863
    ],
    [
      1797,
      1736
    ],
    [
      1747,
      2003
    ],
    [
      568,
      1670
    ],
    [
      1373,
      5
    ],
    [
      807,
      1755
    ],
    [
      1135,
      68
    ],
    [
      1733,
      359
    ],
    [
      182,
      1767
    ],
    [
      45,
      1108
    ],
    [
      825,
      57
    ],
    [
      16,
      1373
    ],
    [
      526,
      1260
    ],
    [
      498,
      835
    ],
    [
      498,
      1355
    ],
    [
      498,
      833
    ],
    [
      1207,
      1891
    ],
    [
      498,
      840
    ]
  ],
  "euclidean": [
    0.515671968460083,
    0.0888044461607933,
    0.4590422511100769,
    0.10153517127037048,
    3.938886880874634,
    2.0227346420288086,
    2.615283250808716,
    1.9864518642425537,
    1.0834600925445557,
    0.4631267786026001,
    2.047846555709839,
    1.7098051309585571,
    2.664961338043213,
    2.615825891494751,
    1.9257019758224487,
    3.4760894775390625,
    4.296166896820068,
    2.9789469242095947,
    3.190045118331909,
    5.5271077156066895,
    5.068059921264648,
    5.089966297149658,
    5.068155765533447,
    2.6152989864349365,
    5.034243106842041
  ],
  "geodesic": [
    1.3863743743963861,
    1.334317479915118,
    1.2937129895357464,
    1.3204232344379274,
    3.5594407716054755,
    2.4381526171174537,
    2.5188880750044085,
    3.1301594675897113,
    1.8162898200671984,
    1.4911198016723717,
    2.705756697944529,
    3.226727719267926,
    3.3001373204646107,
    3.796268744398861,
    3.609763384643824,
    4.22292545106285,
    6.025819854038957,
    4.946835733765117,
    4.58474138768142,
    6.55834189789668,
    6.762015492116607,
    6.681477910178929,
    6.917136057663921,
    4.278482029620226,
    6.617230736096944
  ]
}