{
  "train_loss": [
    499.1137181096898,
    400.39185196314105,
    381.95499633490965,
    371.3579538273142,
    360.18608724852623,
    345.41031524695467,
    330.44077260968743,
    319.19285853645596,
    309.10961250798897,
    299.16530064174106,
    289.4543627691211,
    279.0505647577791,
    267.68434539906707,
    256.97618112342843,
    246.23642014350938,
    234.73314997448298,
    224.20994921860094,
    214.53653995574467,
    205.16115116403506,
    195.99671906225555,
    186.85921253767933,
    177.56988728468525,
    168.78484332372273,
    160.04209258995942,
    150.83363618023958,
    142.3407181587266,
    133.5277567154322,
    124.74613860413268,
    116.23350882617545,
    107.98820691230969,
    99.53978237389644,
    91.33008063086952,
    83.29139511052506,
    75.03809280302353,
    67.1034643059103,
    59.17978986802992,
    51.296578771756536,
    43.26334953540993,
    35.983315776410414,
    28.48045320941706,
    20.6652286678589,
    13.490244145795103,
    6.019389355138982,
    -1.475690642264882,
    -8.764884577274906,
    -15.733593618185674,
    -22.95167684031057,
    -29.40053852020748,
    -36.20424108540182,
    -42.53504530239454
  ],
  "train_elbo": [
    -499.1137181096898,
    -400.39185196314105,
    -381.95499633490965,
    -371.3579538273142,
    -360.18608724852623,
    -345.41031524695467,
    -330.44077260968743,
    -319.19285853645596,
    -309.10961250798897,
    -299.16530064174106,
    -289.4543627691211,
    -279.0505647577791,
    -267.68434539906707,
    -256.97618112342843,
    -246.23642014350938,
    -234.73314997448298,
    -224.20994921860094,
    -214.53653995574467,
    -205.16115116403506,
    -195.99671906225555,
    -186.85921253767933,
    -177.56988728468525,
    -168.78484332372273,
    -160.04209258995942,
    -150.83363618023958,
    -142.3407181587266,
    -133.5277567154322,
    -124.74613860413268,
    -116.23350882617545,
    -107.98820691230969,
    -99.53978237389644,
    -91.33008063086952,
    -83.29139511052506,
    -75.03809280302353,
    -67.1034643059103,
    -59.17978986802992,
    -51.296578771756536,
    -43.26334953540993,
    -35.983315776410414,
    -28.48045320941706,
    -20.6652286678589,
    -13.490244145795103,
    -6.019389355138982,
    1.475690642264882,
    8.764884577274906,
    15.733593618185674,
    22.95167684031057,
    29.40053852020748,
    36.20424108540182,
    42.53504530239454
  ],
  "train_recon_log_prob": [
    -496.26465603894803,
    -397.3074288280892,
    -381.8704838455815,
    -371.18328637576076,
    -358.9342905494029,
    -342.86366102430554,
    -328.2938464564136,
    -317.0125851287655,
    -306.8307371034727,
    -296.64803186586636,
    -286.854240929833,
    -276.17841056851677,
    -264.05066931495156,
    -253.400392506731,
    -242.29995582217262,
    -230.30162679930746,
    -219.79815979376525,
    -210.08471351781898,
    -200.51229793189938,
    -191.49117238996084,
    -182.20663808000538,
    -172.84543202531788,
    -164.02804163000087,
    -155.22416057283917,
    -145.9288384853265,
    -137.35235016279023,
    -128.3367229550167,
    -119.7042712536487,
    -111.05674296508342,
    -102.68747286394839,
    -94.20458583808498,
    -85.90909594115466,
    -77.85791204729651,
    -69.6656265351944,
    -61.52270307063474,
    -53.649368491073815,
    -45.64436390169956,
    -37.61076550140194,
    -30.216228058923296,
    -22.801905385158292,
    -14.818513693244757,
    -7.5287546290582785,
    0.05684681049342266,
    7.430177970392509,
    14.836965528308836,
    21.862992455525568,
    29.128070509914078,
    35.58959799313574,
    42.3829095488794,
    48.81430576776265
  ],
  "train_kl": [
    2.849060514907697,
    3.084412958450224,
    0.08451073845991722,
    0.1746670807164813,
    1.2517911074944614,
    2.5466506807213154,
    2.1469230526678436,
    2.1802844392802108,
    2.2788700041462358,
    2.517251827486851,
    2.60012113887894,
    2.872160142449087,
    3.633662121927636,
    3.575787177161565,
    3.936472185947665,
    4.431518726442032,
    4.411788624284905,
    4.451829906785008,
    4.648857046832968,
    4.505543680272551,
    4.652574823307321,
    4.72445274825789,
    4.75680498384003,
    4.817935294429606,
    4.904797208760393,
    4.988363799303588,
    5.191030348031367,
    5.0418685213259,
    5.176764818338247,
    5.300733943561931,
    5.335197155292217,
    5.420983192830441,
    5.433481455722571,
    5.372468986208477,
    5.580761062938797,
    5.530420967074105,
    5.65221460048969,
    5.652583586863982,
    5.767088097675962,
    5.678547831827613,
    5.846715369940678,
    5.961489721677824,
    6.076236160101326,
    5.954487391298362,
    6.072080997611431,
    6.129398532257267,
    6.1763934017828825,
    6.189059212094262,
    6.1786682480566375,
    6.279260883401165
  ],
  "eval_loss": [
    422.35246120545924,
    390.0628105349657,
    379.11844274009144,
    368.6108334425019,
    355.2556121081841,
    338.0469037311833,
    325.637272978992,
    315.4745336020865,
    305.3295307438548,
    295.41313967821077,
    285.73010998237424,
    273.89762603015436,
    263.1906062428544,
    253.21276014374524,
    242.1810774640339,
    230.9901161752096,
    221.57990268614233,
    212.11845301186167,
    202.90764822610996,
    193.74912474097275,
    185.0812507443312,
    176.2445685409918,
    167.98787224002,
    159.31691269293063,
    149.84434613483708,
    142.10988062416635,
    133.5336640148628,
    125.1046018274819,
    117.36411274235424,
    108.80838436964082,
    101.61717581400057,
    93.63873678067836,
    85.91437720322027,
    77.94169884658442,
    70.1755433245403,
    62.44258958770008,
    54.83705245227348,
    48.00915471518912,
    42.3652702331543,
    33.590734118950074,
    27.415288087798327,
    19.783141382729134,
    13.756174720205912,
    6.2170094001583935,
    0.7039377933595239,
    -6.707862642334729,
    -12.757317784937417,
    -19.351851281887146,
    -24.185488286832484,
    -31.56317334989222
  ],
  "eval_elbo": [
    -422.35246120545924,
    -390.0628105349657,
    -379.11844274009144,
    -368.6108334425019,
    -355.2556121081841,
    -338.0469037311833,
    -325.637272978992,
    -315.4745336020865,
    -305.3295307438548,
    -295.41313967821077,
    -285.73010998237424,
    -273.89762603015436,
    -263.1906062428544,
    -253.21276014374524,
    -242.1810774640339,
    -230.9901161752096,
    -221.57990268614233,
    -212.11845301186167,
    -202.90764822610996,
    -193.74912474097275,
    -185.0812507443312,
    -176.2445685409918,
    -167.98787224002,
    -159.31691269293063,
    -149.84434613483708,
    -142.10988062416635,
    -133.5336640148628,
    -125.1046018274819,
    -117.36411274235424,
    -108.80838436964082,
    -101.61717581400057,
    -93.63873678067836,
    -85.91437720322027,
    -77.94169884658442,
    -70.1755433245403,
    -62.44258958770008,
    -54.83705245227348,
    -48.00915471518912,
    -42.3652702331543,
    -33.590734118950074,
    -27.415288087798327,
    -19.783141382729134,
    -13.756174720205912,
    -6.2170094001583935,
    -0.7039377933595239,
    6.707862642334729,
    12.757317784937417,
    19.351851281887146,
    24.185488286832484,
    31.56317334989222
  ],