{
  "pair_indices": [
    [
      580,
      435
    ],
    [
      349,
      184
    ],
    [
      210,
      27
    ],
    [
      51,
      11
    ],
    [
      802,
      1238
    ],
    [
      1126,
      1306
    ],
    [
      1026,
      1097
    ],
    [
      2028,
      1863
    ],
    [
      1797,
      1736
    ],
    [
      1747,
      2003
    ],
    [
      568,
      1670
    ],
    [
      1373,
      5
    ],
    [
      807,
      1755
    ],
    [
      1135,
      68
    ],
    [
      1733,
      359
    ],
    [
      182,
      1767
    ],
    [
      45,
      1108
    ],
    [
      825,
      57
    ],
    [
      16,
      1373
    ],
    [
      526,
      1260
    ],
    [
      498,
      835
    ],
    [
      498,
      1355
    ],
    [
      498,
      833
    ],
    [
      1207,
      1891
    ],
    [
      498,
      840
    ]
  ],
  "euclidean": [
    0.04114917293190956,
    0.06237000226974487,
    0.08040831238031387,
    0.009305129759013653,
    0.020370982587337494,
    0.11680466681718826,
    0.029509739950299263,
    0.00971413403749466,
    0.04631035029888153,
    0.046074558049440384,
    0.023540612310171127,
    0.19342763721942902,
    0.19678995013237,
    0.1680477410554886,
    0.13523392379283905,
    0.1379815936088562,
    0.5404351949691772,
    0.5197849869728088,
    0.2036355584859848,
    0.33283793926239014,
    0.4964931011199951,
    0.5056418776512146,
    0.5143188238143921,
    0.3323865234851837,
    0.50910884141922
  ],
  "geodesic": [
    0.005087165732544524,
    0.010369392367600825,
    0.010698661077804579,
    0.0007741878231646399,
    0.004665244530320823,
    0.029647794753924237,
    0.0076701525137922374,
    0.00076327703875017,
    0.00894612551856028,
    0.009198376597795287,
    0.00393521547216319,
    0.038973677501467886,
    0.04733988341273083,
    0.02944239991239524,
    0.02434307746025534,
    0.018782774461402738,
    0.11554261378335595,
    0.12360630700430796,
    0.04072956254197398,
    0.07778383507385057,
    0.12152124516965974,
    0.12400389690101722,
    0.12664654466700453,
    0.07686039716145969,
    0.12506863825536027
  ]
}