{
  "train_loss": [
    497.86697670886514,
    399.6580750927675,
    381.7702448173029,
    371.85550496866415,
    361.1820823660118,
    346.7685986193982,
    330.96295665326426,
    319.4298091604305,
    309.20706374246413,
    299.09233020600817,
    288.7230649023557,
    276.9625978202028,
    265.9945994320079,
    255.68843523894182,
    244.74205829401447,
    234.07180581191813,
    223.7891141265012,
    214.08274988493494,
    204.62844833728013,
    195.34223332480778,
    186.03784401396402,
    176.81982397654699,
    167.75115305396372,
    158.9600561978034,
    150.1549617408687,
    141.4278077252473,
    133.01925029451886,
    124.62773033579919,
    116.33889011294559,
    107.8968506418305,
    99.46138146741632,
    91.2051751179864,
    83.12145619747548,
    75.39419717753763,
    67.37485865126017,
    59.27355409745623,
    51.301918076362654,
    43.58110389430008,
    36.394311550918225,
    28.52606750786377,
    20.72405380439991,
    13.721121188339588,
    6.310494058516436,
    -0.8363318740229904,
    -8.138858785850516,
    -15.192553062578698,
    -21.918026864746988,
    -28.731410323481857,
    -35.798289013724045,
    -42.74873404217581,
    -49.197448092357
  ],
  "train_elbo": [
    -497.86697670886514,
    -399.6580750927675,
    -381.7702448173029,
    -371.85550496866415,
    -361.1820823660118,
    -346.7685986193982,
    -330.96295665326426,
    -319.4298091604305,
    -309.20706374246413,
    -299.09233020600817,
    -288.7230649023557,
    -276.9625978202028,
    -265.9945994320079,
    -255.68843523894182,
    -244.74205829401447,
    -234.07180581191813,
    -223.7891141265012,
    -214.08274988493494,
    -204.62844833728013,
    -195.34223332480778,
    -186.03784401396402,
    -176.81982397654699,
    -167.75115305396372,
    -158.9600561978034,
    -150.1549617408687,
    -141.4278077252473,
    -133.01925029451886,
    -124.62773033579919,
    -116.33889011294559,
    -107.8968506418305,
    -99.46138146741632,
    -91.2051751179864,
    -83.12145619747548,
    -75.39419717753763,
    -67.37485865126017,
    -59.27355409745623,
    -51.301918076362654,
    -43.58110389430008,
    -36.394311550918225,
    -28.52606750786377,
    -20.72405380439991,
    -13.721121188339588,
    -6.310494058516436,
    0.8363318740229904,
    8.138858785850516,
    15.192553062578698,
    21.918026864746988,
    28.731410323481857,
    35.798289013724045,
    42.74873404217581,
    49.197448092357
  ],
  "train_recon_log_prob": [
    -495.06682954632174,
    -396.96170338315113,
    -381.7261010101281,
    -371.8012276114998,
    -360.5321290105836,
    -344.4737508585165,
    -328.4838199825077,
    -317.36016238332525,
    -306.8869420239049,
    -296.63062626392707,
    -285.88590233957666,
    -273.51836975619324,
    -262.39236837720114,
    -251.92701205112704,
    -240.69654879727207,
    -229.76844938508756,
    -219.21659810086018,
    -209.52525247613443,
    -200.00212864765172,
    -190.63726247710622,
    -181.39391622205648,
    -171.88471235897077,
    -162.95055539383847,
    -154.07343647156878,
    -145.2144020089882,
    -136.4237810444628,
    -128.02057201492627,
    -119.50845890254764,
    -111.19606210897257,
    -102.68567930414854,
    -94.20378083914919,
    -85.87084530561398,
    -77.72701426448985,
    -70.05546726790395,
    -61.88469707689297,
    -53.766414120665985,
    -45.7917962080102,
    -37.99250188182416,
    -30.66215087089492,
    -22.94625530079899,
    -14.872854424338055,
    -7.91510070898594,
    -0.37931222240275664,
    6.711059442224374,
    14.146173576150039,
    21.220191541026654,
    27.97168978550204,
    34.873054332057784,
    42.0055903340434,
    48.89969577253665,
    55.564861488575175
  ],
  "train_kl": [
    2.800132113671492,
    2.6963641545274757,
    0.04414691267960383,
    0.054283337133125796,
    0.6499527730639019,
    2.2948448666722783,
    2.4791321620545252,
    2.0696509682069624,
    2.3201283014155423,
    2.4616912677611187,
    2.837174847594693,
    3.444227789784526,
    3.6022341944213605,
    3.761421255139641,
    4.045509309850187,
    4.303354038569226,
    4.572505157363575,
    4.557497613741511,
    4.62631994871575,
    4.704969917898213,
    4.643928151718717,
    4.935113271659692,
    4.800598867646941,
    4.8866227852119195,
    4.94056012022044,
    5.004031764718639,
    4.99867783885299,
    5.119270419608688,
    5.142829529968374,
    5.211171949593867,
    5.257600869305696,
    5.3343276750473745,
    5.394443184173733,
    5.338730907556629,
    5.490161501007639,
    5.5071391506218355,
    5.510122203710461,
    5.588601781335069,
    5.732160993256994,
    5.579811670841315,
    5.851199447017013,
    5.8060203233190215,
    5.9311816945617455,
    5.874727409837884,
    6.007314549843179,
    6.027637718070267,
    6.0536633009438985,
    6.141643546876454,
    6.2073011124672615,
    6.15096202845684,
    6.367412191607577
  ],
  "eval_loss": [
    421.07357728539444,
    389.4517106219036,
    379.03429520769816,
    369.1877155583079,
    356.36831754358803,
    339.4291020090987,
    325.7296161930735,
    315.45165256407205,
    305.2650572241806,
    295.0226903403678,
    283.3421370343464,
    271.92962527391387,
    261.63046889886624,
    251.2755400866997,
    240.38615931068978,
    230.29941971941693,
    220.81620304758957,
    210.98100749690357,
    201.8574822402582,
    192.72016400593083,
    183.52232591582506,
    174.79008156381002,
    165.9251884646532,
    157.88167784155868,
    149.2031413008527,
    140.6920364007717,
    132.59194856969322,
    124.85135687851324,
    117.44964290711938,
    108.68620750613329,
    100.15096078267912,
    92.33753840748857,
    84.82525284929973,
    77.51132537097466,
    69.6441226121856,
    61.86043492759146,
    54.81102518221227,
    47.615193585651674,
    39.81501180137076,
    33.689962303347706,
    26.611129621180094,
    19.373850687538706,
    12.687975971873213,
    5.631475627713087,
    -0.2792216173032435,
    -7.376231733182581,
    -12.82508940813018,
    -19.12651057359649,
    -25.724152820866284,
    -31.566572840620832,
    -38.0425094790575
  ],
  "eval_elbo": [
    -421.07357728539444,
    -389.4517106219036,
    -379.03429520769816,
    -369.1877155583079,
    -356.36831754358803,
    -339.4291020090987,
    -325.7296161930735,
    -315.45165256407205,
    -305.2650572241806,
    -295.0226903403678,
    -283.3421370343464,
    -271.92962527391387,
    -261.63046889886624,
    -251.2755400866997,
    -240.38615931068978,
    -230.29941971941693,
    -220.81620304758957,
    -210.98100749690357,
    -201.8574822402582,
    -192.72016400593083,
    -183.52232591582506,
    -174.79008156381002,
    -165.9251884646532,
    -157.88167784155868,
    -149.2031413008527,
    -140.6920364007717,
    -132.59194856969322,
    -124.85135687851324,
    -117.44964290711938,
    -108.68620750613329,
    -100.15096078267912,
    -92.33753840748857,
    -84.82525284929973,
    -77.51132537097466,
    -69.6441226121856,
    -61.86043492759146,
    -54.81102518221227,
    -47.615193585651674,
    -39.81501180137076,
    -33.689962303347706,
    -26.611129621180094,
    -19.373850687538706,
    -12.687975971873213,
    -5.631475627713087,
    0.2792216173032435,
    7.376231733182581,
    12.82508940813018,
    19.12651057359649,
    25.724152820866284,
    31.566572840620832,
    38.0425094790575
  ],