{
  "pair_indices": [
    [
      580,
      435
    ],
    [
      349,
      184
    ],
    [
      210,
      27
    ],
    [
      51,
      11
    ],
    [
      802,
      1238
    ],
    [
      1126,
      1306
    ],
    [
      1026,
      1097
    ],
    [
      2028,
      1863
    ],
    [
      1797,
      1736
    ],
    [
      1747,
      2003
    ],
    [
      568,
      1670
    ],
    [
      1373,
      5
    ],
    [
      807,
      1755
    ],
    [
      1135,
      68
    ],
    [
      1733,
      359
    ],
    [
      182,
      1767
    ],
    [
      45,
      1108
    ],
    [
      825,
      57
    ],
    [
      16,
      1373
    ],
    [
      526,
      1260
    ],
    [
      498,
      835
    ],
    [
      498,
      1355
    ],
    [
      498,
      833
    ],
    [
      1207,
      1891
    ],
    [
      498,
      840
    ]
  ],
  "euclidean": [
    0.5091999769210815,
    0.1866728812456131,
    0.4775831997394562,
    0.05574791133403778,
    3.873176336288452,
    1.9440088272094727,
    2.5558764934539795,
    1.8387235403060913,
    1.264624834060669,
    0.42768627405166626,
    1.8269004821777344,
    1.5331109762191772,
    2.475743055343628,
    2.4695305824279785,
    1.7946186065673828,
    3.7377912998199463,
    3.9156997203826904,
    2.552886962890625,
    2.930964469909668,
    4.9676337242126465,
    4.885663032531738,
    4.995423316955566,
    4.884283542633057,
    3.325373649597168,
    4.913071632385254
  ],
  "geodesic": [
    1.261719647575508,
    1.2579358437285069,
    1.2972685435100602,
    1.195343416100901,
    3.4891525837757014,
    2.354901348242604,
    2.5584703721445754,
    3.1594723408208703,
    1.8600601088132709,
    1.3991879628605366,
    2.452771884262629,
    2.9346175965928545,
    3.1724399007240556,
    3.690823366678963,
    3.4217086124465963,
    4.386688966047042,
    5.626192093733197,
    4.473869112640213,
    4.289399792136684,
    6.227999608700739,
    6.302867224835555,
    6.8221937733297615,
    6.264413921102464,
    4.716046499901522,
    6.681590098190278
  ]
}