{
  "train_loss": [
    500.6776369721316,
    399.3853035019722,
    381.77896911844664,
    370.44921204284,
    358.6002616090507,
    343.0707670964019,
    329.7843513162727,
    318.9330578479138,
    308.77699412065255,
    298.92457098023505,
    289.30712026146597,
    279.72276378813245,
    269.6384526253911,
    258.01189853915076,
    245.59967663291027,
    234.5531258309426,
    224.44675470708492,
    214.7500769832923,
    205.75717123960837,
    196.40562643905844,
    187.13982926998673,
    178.21499443752862,
    169.2532458742023,
    160.36187749729925,
    151.39679573627328,
    142.5917508005368,
    133.8848114199982,
    125.53267574659634,
    116.78126197041755,
    108.10420489747882,
    99.80809888269147,
    91.53745309832041,
    83.58954805739779,
    75.55427034259279,
    67.79125115810297,
    59.607271690508384,
    51.790767669677734,
    44.087584666716744,
    36.37433528317928,
    28.561414567251052,
    20.77975839281839,
    13.647906218984042,
    6.190949596619286,
    -1.2471824827648343,
    -8.35329162099277,
    -15.75212015890231,
    -22.507584083939065,
    -29.044167799245162,
    -36.45356900933607,
    -43.28656972342504
  ],
  "train_elbo": [
    -500.6776369721316,
    -399.3853035019722,
    -381.77896911844664,
    -370.44921204284,
    -358.6002616090507,
    -343.0707670964019,
    -329.7843513162727,
    -318.9330578479138,
    -308.77699412065255,
    -298.92457098023505,
    -289.30712026146597,
    -279.72276378813245,
    -269.6384526253911,
    -258.01189853915076,
    -245.59967663291027,
    -234.5531258309426,
    -224.44675470708492,
    -214.7500769832923,
    -205.75717123960837,
    -196.40562643905844,
    -187.13982926998673,
    -178.21499443752862,
    -169.2532458742023,
    -160.36187749729925,
    -151.39679573627328,
    -142.5917508005368,
    -133.8848114199982,
    -125.53267574659634,
    -116.78126197041755,
    -108.10420489747882,
    -99.80809888269147,
    -91.53745309832041,
    -83.58954805739779,
    -75.55427034259279,
    -67.79125115810297,
    -59.607271690508384,
    -51.790767669677734,
    -44.087584666716744,
    -36.37433528317928,
    -28.561414567251052,
    -20.77975839281839,
    -13.647906218984042,
    -6.190949596619286,
    1.2471824827648343,
    8.35329162099277,
    15.75212015890231,
    22.507584083939065,
    29.044167799245162,
    36.45356900933607,
    43.28656972342504
  ],
  "train_recon_log_prob": [
    -499.5054694281684,
    -397.52745378468643,
    -381.708254896823,
    -369.7992519429897,
    -357.1296647552751,
    -340.2735040871943,
    -327.52382036705154,
    -316.42111440805286,
    -306.2564687204885,
    -296.2119877294743,
    -286.48300077743437,
    -276.89642009804976,
    -266.58499424972814,
    -254.50054069025322,
    -241.31807534540383,
    -230.2637427286933,
    -220.04793195526534,
    -210.30261994339753,
    -201.26016811049465,
    -191.82787186060196,
    -182.61173411312265,
    -173.5300492134141,
    -164.62200519715472,
    -155.49239847744485,
    -146.6119635911506,
    -137.60942996145022,
    -128.90770118722693,
    -120.28491870474903,
    -111.73134912996211,
    -102.91422417981866,
    -94.63900100093184,
    -86.28129951188271,
    -78.25506406418424,
    -70.07455564971663,
    -62.39256458957844,
    -54.14288564828726,
    -46.315345172625904,
    -38.48311243301783,
    -30.660257248651412,
    -22.862697571042983,
    -14.993029226459136,
    -7.768943908887032,
    -0.4003495890578944,
    7.248854465973683,
    14.310886444771828,
    21.809558418935325,
    28.554331128559415,
    35.15556173359518,
    42.70307390914004,
    49.44735573383187
  ],
  "train_kl": [
    1.1721638085386545,
    1.8578520224353479,
    0.07072295462291901,
    0.6499572185951857,
    1.47059524597848,
    2.7972617425906936,
    2.260541324650412,
    2.511944432252784,
    2.5205216078822286,
    2.712587802255838,
    2.8241207273597393,
    2.826353904819605,
    3.053458236803793,
    3.5113583769699304,
    4.281603399796072,
    4.289380433358552,
    4.3988211873977905,
    4.447457376417223,
    4.497005551143735,
    4.577756748967992,
    4.528098572159279,
    4.684944615695939,
    4.631239877661215,
    4.869480251829266,
    4.784830117836977,
    4.98232014217074,
    4.977113129891755,
    5.247759329384791,
    5.0499128759707865,
    5.189979847825345,
    5.169096615433839,
    5.256153534620236,
    5.334483708508577,
    5.479715095771538,
    5.398687498910086,
    5.464384292071555,
    5.475423293527084,
    5.6044723449027,
    5.714077095409016,
    5.6987171452560705,
    5.786729136666099,
    5.878962272835011,
    5.790599743234078,
    6.001672301682506,
    5.957595148074904,
    6.057437883919703,
    6.046746538090036,
    6.111394457764678,
    6.249504832848816,
    6.1607869110992395
  ],
  "eval_loss": [
    418.15541754001526,
    389.95266381240475,
    379.17032262290394,
    366.9996675816978,
    351.6528585294398,
    336.463176597037,
    325.069269989758,
    314.86217591820696,
    304.8751539276867,
    295.07553145245805,
    285.11298991877857,
    276.0297824766578,
    265.5661451386242,
    252.87627712342797,
    241.45920008217416,
    231.12423385992284,
    221.4540638249095,
    212.0238453190501,
    203.3650869974276,
    194.1213533727134,
    185.30653016625382,
    176.10234188917207,
    167.56610137195122,
    158.96890087592894,
    150.88274342606707,
    141.3901997636004,
    133.2021951070646,
    125.04221615675019,
    116.7295628989615,
    108.53694644090606,
    100.59051286650867,
    93.08989317358994,
    85.44256829982851,
    78.46772241359804,
    70.38255023491092,
    62.60233388761195,
    55.25114928454887,
    47.58914539988448,
    40.92262828175615,
    33.3866023552127,
    26.60142083516935,
    19.348301687473203,
    12.085254706406012,
    6.726892136364448,
    -0.8865600423115055,
    -6.92917726170726,
    -12.537952297489818,
    -20.939195493372477,
    -26.401815284170755,
    -31.36565082829173
  ],
  "eval_elbo": [
    -418.15541754001526,
    -389.95266381240475,
    -379.17032262290394,
    -366.9996675816978,
    -351.6528585294398,
    -336.463176597037,
    -325.069269989758,
    -314.86217591820696,
    -304.8751539276867,
    -295.07553145245805,
    -285.11298991877857,
    -276.0297824766578,
    -265.5661451386242,
    -252.87627712342797,
    -241.45920008217416,
    -231.12423385992284,
    -221.4540638249095,
    -212.0238453190501,
    -203.3650869974276,
    -194.1213533727134,
    -185.30653016625382,
    -176.10234188917207,
    -167.56610137195122,
    -158.96890087592894,
    -150.88274342606707,
    -141.3901997636004,
    -133.2021951070646,
    -125.04221615675019,
    -116.7295628989615,
    -108.53694644090606,
    -100.59051286650867,
    -93.08989317358994,
    -85.44256829982851,
    -78.46772241359804,
    -70.38255023491092,
    -62.60233388761195,
    -55.25114928454887,
    -47.58914539988448,
    -40.92262828175615,
    -33.3866023552127,
    -26.60142083516935,
    -19.348301687473203,
    -12.085254706406012,
    -6.726892136364448,
    0.8865600423115055,
    6.92917726170726,
    12.537952297489818,
    20.939195493372477,
    26.401815284170755,
    31.36565082829173
  ],