{
  "pair_indices": [
    [
      580,
      435
    ],
    [
      349,
      184
    ],
    [
      210,
      27
    ],
    [
      51,
      11
    ],
    [
      802,
      1238
    ],
    [
      1126,
      1306
    ],
    [
      1026,
      1097
    ],
    [
      2028,
      1863
    ],
    [
      1797,
      1736
    ],
    [
      1747,
      2003
    ],
    [
      568,
      1670
    ],
    [
      1373,
      5
    ],
    [
      807,
      1755
    ],
    [
      1135,
      68
    ],
    [
      1733,
      359
    ],
    [
      182,
      1767
    ],
    [
      45,
      1108
    ],
    [
      825,
      57
    ],
    [
      16,
      1373
    ],
    [
      526,
      1260
    ],
    [
      498,
      835
    ],
    [
      498,
      1355
    ],
    [
      498,
      833
    ],
    [
      1207,
      1891
    ],
    [
      498,
      840
    ]
  ],
  "euclidean": [
    0.5220727920532227,
    0.1780046820640564,
    0.5176774859428406,
    0.1813536435365677,
    3.9604134559631348,
    2.048245668411255,
    2.5281779766082764,
    2.0807371139526367,
    1.0466521978378296,
    0.4910622835159302,
    1.6134018898010254,
    1.6505916118621826,
    2.7204246520996094,
    2.336310863494873,
    1.7629984617233276,
    4.604515075683594,
    4.040518283843994,
    2.5311708450317383,
    2.9335668087005615,
    4.9488935470581055,
    4.916988372802734,
    4.946830749511719,
    4.843932151794434,
    3.336460590362549,
    4.900691509246826
  ],
  "geodesic": [
    1.2693236195896493,
    1.1952998341406662,
    1.2579468365126272,
    1.2032994725930855,
    3.5776017651855536,
    2.4800200289255874,
    2.3883150197525116,
    3.1285439804226765,
    1.5657284761448078,
    1.5125477806930248,
    2.301772313806675,
    3.08536541621684,
    3.457665681544708,
    3.293503035781826,
    3.2777163415384774,
    4.777821028067619,
    5.816751545429783,
    4.407970336121927,
    4.372305121814701,
    6.42704204956183,
    6.508654188517249,
    6.410051213623749,
    6.47151073570867,
    4.4513441306072705,
    6.367014652082559
  ]
}