{
  "train_loss": [
    493.93075878250437,
    398.41424955524076,
    381.8411103226472,
    371.47252296382544,
    359.99258910983764,
    344.30854944548184,
    330.3016890641097,
    319.41468503623656,
    308.8956518673926,
    298.2222782270085,
    286.5101986094418,
    275.7703865246895,
    265.89397798382174,
    255.85494734283188,
    244.895264044495,
    233.74800843924683,
    223.63340606503144,
    213.97075821686724,
    204.54317894494287,
    195.02546531667932,
    185.7844674619272,
    176.69851535522312,
    167.77372266608717,
    158.78694749024035,
    149.89754686367235,
    141.26056741008827,
    132.62054613833027,
    123.87095996078845,
    115.68844168526786,
    107.06013641543731,
    98.734374981369,
    90.36749036553724,
    82.4098155635326,
    74.41439352629385,
    66.75706254169617,
    58.518950768588375,
    50.40362265171149,
    42.69625271341885,
    35.190567482376565,
    27.480386759626413,
    19.864305975964072,
    12.57510743880592,
    5.278719685635141,
    -1.9638653826218677,
    -9.405781489734393,
    -16.34436001969781,
    -23.306879106458727,
    -29.94280981639075,
    -37.0471545162364,
    -43.83717828734308
  ],
  "train_elbo": [
    -493.93075878250437,
    -398.41424955524076,
    -381.8411103226472,
    -371.47252296382544,
    -359.99258910983764,
    -344.30854944548184,
    -330.3016890641097,
    -319.41468503623656,
    -308.8956518673926,
    -298.2222782270085,
    -286.5101986094418,
    -275.7703865246895,
    -265.89397798382174,
    -255.85494734283188,
    -244.895264044495,
    -233.74800843924683,
    -223.63340606503144,
    -213.97075821686724,
    -204.54317894494287,
    -195.02546531667932,
    -185.7844674619272,
    -176.69851535522312,
    -167.77372266608717,
    -158.78694749024035,
    -149.89754686367235,
    -141.26056741008827,
    -132.62054613833027,
    -123.87095996078845,
    -115.68844168526786,
    -107.06013641543731,
    -98.734374981369,
    -90.36749036553724,
    -82.4098155635326,
    -74.41439352629385,
    -66.75706254169617,
    -58.518950768588375,
    -50.40362265171149,
    -42.69625271341885,
    -35.190567482376565,
    -27.480386759626413,
    -19.864305975964072,
    -12.57510743880592,
    -5.278719685635141,
    1.9638653826218677,
    9.405781489734393,
    16.34436001969781,
    23.306879106458727,
    29.94280981639075,
    37.0471545162364,
    43.83717828734308
  ],
  "train_recon_log_prob": [
    -491.4373966724736,
    -396.22663952055433,
    -381.779537960141,
    -371.15646101470685,
    -358.6627422328106,
    -341.6392930325425,
    -327.9361016689203,
    -316.83995434361645,
    -306.3969472063039,
    -295.45378546895273,
    -282.95471754062453,
    -272.2745349776905,
    -262.21319706768924,
    -252.08733670673672,
    -240.71790709629454,
    -229.36148602272564,
    -219.09977574983068,
    -209.44451263390474,
    -199.96781517094018,
    -190.35143968444748,
    -181.00970011840374,
    -171.91967110173897,
    -162.83691937233502,
    -153.82207748916122,
    -145.08250742109996,
    -136.12603836152726,
    -127.51802649864784,
    -118.74644179571243,
    -110.47859335353232,
    -101.76822762029366,
    -93.36816766759851,
    -84.9634025396736,
    -77.01246008680853,
    -68.98828933585403,
    -61.244967100821135,
    -52.907584035498466,
    -44.8242429050916,
    -36.99655448065864,
    -29.428843538985294,
    -21.774100274538966,
    -13.999112316685864,
    -6.7754051357835205,
    0.6109744189568638,
    7.904256885887211,
    15.447046163463476,
    22.460695411113882,
    29.50874252691956,
    36.103705582019025,
    43.180422968043516,
    50.17327568790124
  ],
  "train_kl": [
    2.49337078923853,
    2.1876028919176305,
    0.06157493338407323,
    0.31606495911676225,
    1.3298474299893128,
    2.6692607239780264,
    2.3655879494616983,
    2.5747248127929168,
    2.4987080382485676,
    2.76848595250075,
    3.5554815645765183,
    3.4958446494534483,
    3.6807870340871287,
    3.767609103113158,
    4.177354243212131,
    4.386521804609287,
    4.533633742722545,
    4.526242806361272,
    4.575362122830308,
    4.67402522118537,
    4.774768865443265,
    4.778848349975288,
    4.936802313295767,
    4.964870851700705,
    4.815040197710124,
    5.134530769017444,
    5.102520190461361,
    5.124518371763683,
    5.209852803757776,
    5.291904147291358,
    5.3662077155014245,
    5.404088331229521,
    5.397356532286666,
    5.426105406112578,
    5.512094890096103,
    5.611367955749288,
    5.579379315195794,
    5.6996976517058995,
    5.76172445749043,
    5.706286617833325,
    5.865193063086206,
    5.799702116857955,
    5.889694279657906,
    5.94039133209303,
    6.041264731368739,
    6.116335405971541,
    6.201864993033682,
    6.16089586344103,
    6.1332683394388985,
    6.336098027607751
  ],
  "eval_loss": [
    418.68603351872144,
    389.31625917016004,
    379.1329080721227,
    368.2104134908537,
    353.5357487376143,
    336.96502581340513,
    325.9241862971608,
    315.1038513183594,
    304.5555242771056,
    293.1573437202268,
    281.647956215463,
    272.1072395138624,
    262.2008535989901,
    251.42900576707794,
    240.3265128531107,
    230.1215122129859,
    220.58257230433023,
    211.75475501083747,
    201.81479871796398,
    192.61121208377,
    184.044986557379,
    175.0360309135623,
    166.65181505156727,
    157.89738955614044,
    149.42780560749333,
    141.40378499845178,
    132.28170925233422,
    124.2331984357136,
    116.04346335806498,
    107.82982724817788,
    99.9215618598752,
    92.07490632592177,
    84.1362545106469,
    76.64819369432402,
    68.80912025265577,
    61.10021492562643,
    54.0534372469274,
    47.28468047351372,
    39.27825343434404,
    32.83874375878311,
    25.90274487006955,
    18.89618426997487,
    11.336031234555128,
    5.039816002729462,
    -2.5206470733735618,
    -8.296647153249602,
    -14.538326765851277,
    -21.299518957370665,
    -27.002587955753977,
    -33.93853139179509
  ],
  "eval_elbo": [
    -418.68603351872144,
    -389.31625917016004,
    -379.1329080721227,
    -368.2104134908537,
    -353.5357487376143,
    -336.96502581340513,
    -325.9241862971608,
    -315.1038513183594,
    -304.5555242771056,
    -293.1573437202268,
    -281.647956215463,
    -272.1072395138624,
    -262.2008535989901,
    -251.42900576707794,
    -240.3265128531107,
    -230.1215122129859,
    -220.58257230433023,
    -211.75475501083747,
    -201.81479871796398,
    -192.61121208377,
    -184.044986557379,
    -175.0360309135623,
    -166.65181505156727,
    -157.89738955614044,
    -149.42780560749333,
    -141.40378499845178,
    -132.28170925233422,
    -124.2331984357136,
    -116.04346335806498,
    -107.82982724817788,
    -99.9215618598752,
    -92.07490632592177,
    -84.1362545106469,
    -76.64819369432402,
    -68.80912025265577,
    -61.10021492562643,
    -54.0534372469274,
    -47.28468047351372,
    -39.27825343434404,
    -32.83874375878311,
    -25.90274487006955,
    -18.89618426997487,
    -11.336031234555128,
    -5.039816002729462,
    2.5206470733735618,
    8.296647153249602,
    14.538326765851277,
    21.299518957370665,
    27.002587955753977,
    33.93853139179509
  ],