{
  "pair_indices": [
    [
      580,
      435
    ],
    [
      349,
      184
    ],
    [
      210,
      27
    ],
    [
      51,
      11
    ],
    [
      802,
      1238
    ],
    [
      1126,
      1306
    ],
    [
      1026,
      1097
    ],
    [
      2028,
      1863
    ],
    [
      1797,
      1736
    ],
    [
      1747,
      2003
    ],
    [
      568,
      1670
    ],
    [
      1373,
      5
    ],
    [
      807,
      1755
    ],
    [
      1135,
      68
    ],
    [
      1733,
      359
    ],
    [
      182,
      1767
    ],
    [
      45,
      1108
    ],
    [
      825,
      57
    ],
    [
      16,
      1373
    ],
    [
      526,
      1260
    ],
    [
      498,
      835
    ],
    [
      498,
      1355
    ],
    [
      498,
      833
    ],
    [
      1207,
      1891
    ],
    [
      498,
      840
    ]
  ],
  "euclidean": [
    0.5829001069068909,
    0.15157732367515564,
    0.5907338261604309,
    0.07741747796535492,
    4.1906867027282715,
    1.8743091821670532,
    2.363668918609619,
    1.870671033859253,
    0.9649351835250854,
    0.398902028799057,
    1.8219786882400513,
    1.5678447484970093,
    2.484405040740967,
    2.267016649246216,
    1.7665953636169434,
    3.8031656742095947,
    4.25114107131958,
    3.0061752796173096,
    3.1933016777038574,
    5.392207145690918,
    4.939696311950684,
    4.9415459632873535,
    5.004284858703613,
    2.621347665786743,
    4.896421432495117
  ],
  "geodesic": [
    0.7836092231417028,
    0.20118504083012742,
    0.8110654711584027,
    0.09005432744242532,
    3.4024879608950336,
    2.0839830021375514,
    2.0213231414036392,
    2.4917505532967654,
    1.1662631131627825,
    1.0021809993636552,
    2.2414109217693774,
    2.3891760729881875,
    3.1111526391875617,
    2.8720087163468815,
    2.9685238400697576,
    3.9244332651526537,
    5.635367778159398,
    4.529097052176319,
    4.22792107540728,
    6.479195973942292,
    6.760377606561692,
    6.62894020229225,
    6.859333012133023,
    4.043388602897695,
    6.593093333156071
  ]
}