{
  "train_loss": [
    493.0621794722747,
    397.73788873209037,
    381.9600055028522,
    370.21556160243296,
    354.549078413855,
    339.5064401405344,
    328.4965356400598,
    318.12498271043194,
    308.1822547027625,
    298.7892243661287,
    289.4288128118084,
    280.4491927783859,
    270.51454205448954,
    258.51980262914714,
    246.6602794195415,
    235.1915288419805,
    225.02615861345416,
    215.39828053382436,
    206.06116236871853,
    196.65342792515645,
    187.64149065215653,
    178.72718050890353,
    169.7193067874373,
    160.7140650114588,
    151.89005425794366,
    143.1224088005094,
    134.35417147346467,
    125.80056913606413,
    117.10713374658383,
    108.54458576244312,
    100.6207012879834,
    92.52074356917497,
    84.149290231558,
    76.05899968222967,
    68.23285581893828,
    60.26391365414574,
    52.3605578868526,
    44.59969047108558,
    37.17792245960352,
    29.493995862129406,
    21.96384808839605,
    14.57494757376311,
    7.357485141218509,
    -0.1934864378383017,
    -7.305598128555167,
    -14.550079732296377,
    -21.78714627369565,
    -28.544848564343575,
    -35.405982123480904,
    -42.38483006497152,
    -49.043341402605776
  ],
  "train_elbo": [
    -493.0621794722747,
    -397.73788873209037,
    -381.9600055028522,
    -370.21556160243296,
    -354.549078413855,
    -339.5064401405344,
    -328.4965356400598,
    -318.12498271043194,
    -308.1822547027625,
    -298.7892243661287,
    -289.4288128118084,
    -280.4491927783859,
    -270.51454205448954,
    -258.51980262914714,
    -246.6602794195415,
    -235.1915288419805,
    -225.02615861345416,
    -215.39828053382436,
    -206.06116236871853,
    -196.65342792515645,
    -187.64149065215653,
    -178.72718050890353,
    -169.7193067874373,
    -160.7140650114588,
    -151.89005425794366,
    -143.1224088005094,
    -134.35417147346467,
    -125.80056913606413,
    -117.10713374658383,
    -108.54458576244312,
    -100.6207012879834,
    -92.52074356917497,
    -84.149290231558,
    -76.05899968222967,
    -68.23285581893828,
    -60.26391365414574,
    -52.3605578868526,
    -44.59969047108558,
    -37.17792245960352,
    -29.493995862129406,
    -21.96384808839605,
    -14.57494757376311,
    -7.357485141218509,
    0.1934864378383017,
    7.305598128555167,
    14.550079732296377,
    21.78714627369565,
    28.544848564343575,
    35.405982123480904,
    42.38483006497152,
    49.043341402605776
  ],
  "train_recon_log_prob": [
    -489.27793591770643,
    -395.2421994611021,
    -381.8945776039282,
    -369.7498768118275,
    -352.0467224493714,
    -337.1832603668846,
    -325.9576189090044,
    -315.4739653758514,
    -305.43539033733737,
    -295.9153437538752,
    -286.56822463560746,
    -277.5698092766879,
    -267.4517792456025,
    -254.87481913025127,
    -242.42292720436032,
    -230.76561203282395,
    -220.5302009629097,
    -210.908203646668,
    -201.53763476920216,
    -191.9828368805267,
    -183.01333500788763,
    -174.00684571877505,
    -164.85369254497672,
    -155.82591778542096,
    -147.04798427111353,
    -137.98358972197778,
    -129.33982963701743,
    -120.66918884761749,
    -111.88073380205948,
    -103.32508582742805,
    -95.34992389422779,
    -87.25402426806998,
    -78.73164996472033,
    -70.57169120332115,
    -62.69355448349055,
    -54.61716872460968,
    -46.807627401945794,
    -38.8660643581069,
    -31.551274018992142,
    -23.743789568052186,
    -16.2428159771967,
    -8.77138185326433,
    -1.5194966554350615,
    6.203523284204131,
    13.253519011650038,
    20.628118456792773,
    27.90983421316368,
    34.70752568879553,
    41.536398467272335,
    48.57514188344953,
    55.351748926444515
  ],
  "train_kl": [
    3.7842504776950574,
    2.495694749939718,
    0.06543398569355081,
    0.465683455432291,
    2.5023582834609406,
    2.32318322911804,
    2.5389243630699188,
    2.6510081890884045,
    2.746861126542237,
    2.8738793730008005,
    2.8605924127157207,
    2.879379047724499,
    3.062770376857529,
    3.6449872125781644,
    4.237346308571952,
    4.42592234139914,
    4.495960085965484,
    4.4900732442136215,
    4.523527633285057,
    4.670593045715593,
    4.6281596720582545,
    4.720334695226835,
    4.865613147889301,
    4.888143799098274,
    4.842071193769592,
    5.138818420042194,
    5.014343385149125,
    5.131381165850294,
    5.226402767120846,
    5.219500805432107,
    5.270778355580983,
    5.266717058398348,
    5.417639813871465,
    5.487307189876198,
    5.5393028562031095,
    5.646744772919223,
    5.552930693341117,
    5.733626992711217,
    5.626648112822219,
    5.750206248664157,
    5.721031649499877,
    5.803565510317811,
    5.837988530323182,
    6.01003697678283,
    5.947921341301029,
    6.078038314614395,
    6.122687932481405,
    6.162677497071952,
    6.130416120219435,
    6.190311729398548,
    6.308408098488646
  ],
  "eval_loss": [
    418.429745855564,
    389.5208214736566,
    378.46356290491616,
    362.9263418802401,
    346.722507234899,
    334.66926239758004,
    324.31886075647867,
    313.8320573015911,
    303.86957516553923,
    294.51900977157965,
    285.4912301412443,
    277.3620386635385,
    265.3391147520484,
    253.53160318514196,
    242.35503599585556,
    231.69437263302686,
    222.33389669278773,
    212.90983782512384,
    203.36643103622808,
    194.7035442817502,
    185.93769933188833,
    176.72306630204363,
    168.61547449623666,
    159.7321216862376,
    151.71851345155298,
    142.55917336068504,
    135.1165365079554,
    125.63287859660824,
    117.28694848781679,
    109.19224719536014,
    101.3549400143507,
    93.68297580625952,
    85.77423185022866,
    78.08809628370332,
    71.2564521603468,
    62.826291154070596,
    55.93980993875643,
    48.80369372484161,
    41.48790627456293,
    34.29065553618641,
    26.83737629215892,
    20.069368948587556,
    13.426942862533942,
    6.419214965075981,
    -1.4541484460598084,
    -7.603525604852816,
    -13.063828656731582,
    -20.29411683431486,
    -27.055874782655298,
    -32.89588720740342,
    -38.03352267567704
  ],
  "eval_elbo": [
    -418.429745855564,
    -389.5208214736566,
    -378.46356290491616,
    -362.9263418802401,
    -346.722507234899,
    -334.66926239758004,
    -324.31886075647867,
    -313.8320573015911,
    -303.86957516553923,
    -294.51900977157965,
    -285.4912301412443,
    -277.3620386635385,
    -265.3391147520484,
    -253.53160318514196,
    -242.35503599585556,
    -231.69437263302686,
    -222.33389669278773,
    -212.90983782512384,
    -203.36643103622808,
    -194.7035442817502,
    -185.93769933188833,
    -176.72306630204363,
    -168.61547449623666,
    -159.7321216862376,
    -151.71851345155298,
    -142.55917336068504,
    -135.1165365079554,
    -125.63287859660824,
    -117.28694848781679,
    -109.19224719536014,
    -101.3549400143507,
    -93.68297580625952,
    -85.77423185022866,
    -78.08809628370332,
    -71.2564521603468,
    -62.826291154070596,
    -55.93980993875643,
    -48.80369372484161,
    -41.48790627456293,
    -34.29065553618641,
    -26.83737629215892,
    -20.069368948587556,
    -13.426942862533942,
    -6.419214965075981,
    1.4541484460598084,
    7.603525604852816,
    13.063828656731582,
    20.29411683431486,
    27.055874782655298,
    32.89588720740342,
    38.03352267567704
  ],