{
  "pair_indices": [
    [
      580,
      435
    ],
    [
      349,
      184
    ],
    [
      210,
      27
    ],
    [
      51,
      11
    ],
    [
      802,
      1238
    ],
    [
      1126,
      1306
    ],
    [
      1026,
      1097
    ],
    [
      2028,
      1863
    ],
    [
      1797,
      1736
    ],
    [
      1747,
      2003
    ],
    [
      568,
      1670
    ],
    [
      1373,
      5
    ],
    [
      807,
      1755
    ],
    [
      1135,
      68
    ],
    [
      1733,
      359
    ],
    [
      182,
      1767
    ],
    [
      45,
      1108
    ],
    [
      825,
      57
    ],
    [
      16,
      1373
    ],
    [
      526,
      1260
    ],
    [
      498,
      835
    ],
    [
      498,
      1355
    ],
    [
      498,
      833
    ],
    [
      1207,
      1891
    ],
    [
      498,
      840
    ]
  ],
  "euclidean": [
    0.6149906516075134,
    0.2595430910587311,
    0.4983226954936981,
    0.16607141494750977,
    4.053618907928467,
    2.1251933574676514,
    2.7016923427581787,
    1.7678600549697876,
    1.027801752090454,
    0.4537387490272522,
    2.840045928955078,
    1.6481517553329468,
    2.4535202980041504,
    2.2935540676116943,
    1.9077545404434204,
    3.127084970474243,
    3.9117486476898193,
    2.85022234916687,
    3.147900342941284,
    5.145872592926025,
    5.082520008087158,
    5.123533248901367,
    5.032087326049805,
    2.557016611099243,
    5.064064979553223
  ],
  "geodesic": [
    0.8224025077782516,
    0.36598440666151366,
    0.7338310824667346,
    0.23851141210259644,
    3.446446653780313,
    2.2282158318151892,
    2.296113802837537,
    2.675006927053449,
    1.3189616770147854,
    1.1159362722030632,
    2.7446052348010745,
    2.77367449540342,
    2.970012195703404,
    2.6257996022503276,
    3.3323327629096755,
    3.8364205299080294,
    5.675928102130667,
    4.5735565409857735,
    4.3476913464441465,
    6.215870252769726,
    6.9608492690466095,
    6.324874985254773,
    6.877039381470552,
    4.172575131077607,
    6.220481439829374
  ]
}