{
  "train_loss": [
    503.0249262659541,
    399.7937965625954,
    381.6553139785562,
    370.51148634690503,
    356.4158499581473,
    340.93737841409353,
    328.8071752974402,
    318.4390410072783,
    308.53433473468266,
    298.5997522002466,
    287.42835232801053,
    275.27569568899526,
    263.89050538897953,
    252.76867066547547,
    242.1954570020366,
    232.3795146266765,
    222.60299419920085,
    213.46666045881744,
    204.20298752185045,
    194.96524198762663,
    186.1591060950497,
    177.12059831444597,
    168.51064722529262,
    159.78739252893917,
    151.1596149262928,
    142.31763833666605,
    133.64486314263536,
    124.99238678649232,
    116.19351419861063,
    108.1348886268625,
    100.19079905639201,
    91.87088810102115,
    83.34267004476507,
    75.29879647093087,
    67.17941646086864,
    59.24278104174268,
    51.82132277995239,
    43.92378402076507,
    36.39693029401358,
    28.58888999883072,
    21.139579336285156,
    13.402720339423425,
    6.633726832339761,
    -0.5388701628707122,
    -7.635393429151821,
    -15.09585901057764,
    -22.109394429804205,
    -29.017693073612723,
    -35.41085045037834,
    -42.5312858786484,
    -49.14810589614514
  ],
  "train_elbo": [
    -503.0249262659541,
    -399.7937965625954,
    -381.6553139785562,
    -370.51148634690503,
    -356.4158499581473,
    -340.93737841409353,
    -328.8071752974402,
    -318.4390410072783,
    -308.53433473468266,
    -298.5997522002466,
    -287.42835232801053,
    -275.27569568899526,
    -263.89050538897953,
    -252.76867066547547,
    -242.1954570020366,
    -232.3795146266765,
    -222.60299419920085,
    -213.46666045881744,
    -204.20298752185045,
    -194.96524198762663,
    -186.1591060950497,
    -177.12059831444597,
    -168.51064722529262,
    -159.78739252893917,
    -151.1596149262928,
    -142.31763833666605,
    -133.64486314263536,
    -124.99238678649232,
    -116.19351419861063,
    -108.1348886268625,
    -100.19079905639201,
    -91.87088810102115,
    -83.34267004476507,
    -75.29879647093087,
    -67.17941646086864,
    -59.24278104174268,
    -51.82132277995239,
    -43.92378402076507,
    -36.39693029401358,
    -28.58888999883072,
    -21.139579336285156,
    -13.402720339423425,
    -6.633726832339761,
    0.5388701628707122,
    7.635393429151821,
    15.09585901057764,
    22.109394429804205,
    29.017693073612723,
    35.41085045037834,
    42.5312858786484,
    49.14810589614514
  ],
  "train_recon_log_prob": [
    -501.96739463200646,
    -397.70552955413183,
    -381.58699700771234,
    -370.0275612110329,
    -354.1681326282767,
    -338.2213452610486,
    -326.5624213771797,
    -316.0458785023299,
    -306.0152318858984,
    -295.8462670853723,
    -284.1209975022536,
    -271.4549897767976,
    -259.9521822900271,
    -248.5419737987029,
    -237.87805993682153,
    -228.00574630346054,
    -218.17997093340415,
    -208.96967009193878,
    -199.6507304544414,
    -190.3423083704761,
    -181.58123654469173,
    -172.42067583431108,
    -163.8074959183205,
    -155.05537971617684,
    -146.29124772999896,
    -137.40899240868723,
    -128.71348590408343,
    -119.76302944085536,
    -111.0380343575763,
    -102.9883517124423,
    -94.98456614474529,
    -86.5658435379047,
    -77.9595226898007,
    -69.74969365978124,
    -61.73528190119072,
    -53.764942760723706,
    -46.330547528389175,
    -38.26625831892785,
    -30.610990752521744,
    -22.835579188606534,
    -15.369305657889235,
    -7.550235097952669,
    -0.756767926198659,
    6.505545540752574,
    13.61439948262458,
    21.160283793168773,
    28.236790276272394,
    35.09131012149201,
    41.5922968611758,
    48.673238519056085,
    55.41517771440257
  ],
  "train_kl": [
    1.057541059596198,
    2.0882667320369945,
    0.06831584222187198,
    0.48391909156817947,
    2.2477157485645187,
    2.716024176978366,
    2.2447567306304297,
    2.3931749999450385,
    2.5191041995317507,
    2.7534819688552465,
    3.3073634198879294,
    3.820718848224961,
    3.9383214664109896,
    4.226697631225773,
    4.317398200541626,
    4.37377219904619,
    4.423022315033481,
    4.496980088388818,
    4.552256605127355,
    4.622932790399908,
    4.577871097895398,
    4.699921115996346,
    4.703157771929134,
    4.732014520409925,
    4.868372193477383,
    4.908650794745365,
    4.9313777223757045,
    5.229355135534564,
    5.155480857588287,
    5.146537115867903,
    5.2062345954233615,
    5.305043631566459,
    5.38314757038531,
    5.549104070488786,
    5.444134843218458,
    5.4778390262589784,
    5.490775317353934,
    5.657525976644476,
    5.785938766558674,
    5.753311108902406,
    5.770273659837697,
    5.852485144967998,
    5.87695922432365,
    5.96667542067494,
    5.97900596439329,
    6.064424782591134,
    6.1273959204099695,
    6.073617026337192,
    6.181446798555144,
    6.14195177581284,
    6.26707184911502
  ],
  "eval_loss": [
    419.0561099168731,
    389.69403373904345,
    378.77072872999236,
    365.14965150414446,
    349.92470703125,
    334.8618114936643,
    325.09633893268864,
    314.53641402081746,
    304.77504078934834,
    294.10809430378237,
    281.98368872665776,
    270.4827612900152,
    259.7331953839558,
    248.906187848347,
    238.98740264148248,
    229.59168314119665,
    220.05554526724467,
    211.356264588891,
    202.30487968630908,
    193.1397366407441,
    184.96980434510766,
    175.66882592177973,
    167.17956528082127,
    158.48907076207604,
    150.1471092410204,
    141.428857421875,
    134.09880735816026,
    125.21055145263672,
    117.20667300340605,
    109.1026309501834,
    101.73825393304593,
    93.0079911394817,
    85.59859540985852,
    77.75215625297733,
    69.6857291244879,
    62.62104484744188,
    55.41578705950481,
    48.38002017881812,
    39.92537162594679,
    33.39103856900843,
    26.039764860199718,
    19.290602139728826,
    12.085809368040504,
    6.114636702653838,
    -0.4819558288992905,
    -7.08105824400739,
    -13.684206818371285,
    -20.370469619006645,
    -25.135476079801233,
    -31.424494645653702,
    -38.014281593881
  ],
  "eval_elbo": [
    -419.0561099168731,
    -389.69403373904345,
    -378.77072872999236,
    -365.14965150414446,
    -349.92470703125,
    -334.8618114936643,
    -325.09633893268864,
    -314.53641402081746,
    -304.77504078934834,
    -294.10809430378237,
    -281.98368872665776,
    -270.4827612900152,
    -259.7331953839558,
    -248.906187848347,
    -238.98740264148248,
    -229.59168314119665,
    -220.05554526724467,
    -211.356264588891,
    -202.30487968630908,
    -193.1397366407441,
    -184.96980434510766,
    -175.66882592177973,
    -167.17956528082127,
    -158.48907076207604,
    -150.1471092410204,
    -141.428857421875,
    -134.09880735816026,
    -125.21055145263672,
    -117.20667300340605,
    -109.1026309501834,
    -101.73825393304593,
    -93.0079911394817,
    -85.59859540985852,
    -77.75215625297733,
    -69.6857291244879,
    -62.62104484744188,
    -55.41578705950481,
    -48.38002017881812,
    -39.92537162594679,
    -33.39103856900843,
    -26.039764860199718,
    -19.290602139728826,
    -12.085809368040504,
    -6.114636702653838,
    0.4819558288992905,
    7.08105824400739,
    13.684206818371285,
    20.370469619006645,
    25.135476079801233,
    31.424494645653702,
    38.014281593881
  ],