{
  "pair_indices": [
    [
      580,
      435
    ],
    [
      349,
      184
    ],
    [
      210,
      27
    ],
    [
      51,
      11
    ],
    [
      802,
      1238
    ],
    [
      1126,
      1306
    ],
    [
      1026,
      1097
    ],
    [
      2028,
      1863
    ],
    [
      1797,
      1736
    ],
    [
      1747,
      2003
    ],
    [
      568,
      1670
    ],
    [
      1373,
      5
    ],
    [
      807,
      1755
    ],
    [
      1135,
      68
    ],
    [
      1733,
      359
    ],
    [
      182,
      1767
    ],
    [
      45,
      1108
    ],
    [
      825,
      57
    ],
    [
      16,
      1373
    ],
    [
      526,
      1260
    ],
    [
      498,
      835
    ],
    [
      498,
      1355
    ],
    [
      498,
      833
    ],
    [
      1207,
      1891
    ],
    [
      498,
      840
    ]
  ],
  "euclidean": [
    0.59012371301651,
    0.24250711500644684,
    0.5086575746536255,
    0.10849417001008987,
    3.989009380340576,
    2.137404441833496,
    2.662583827972412,
    1.6214488744735718,
    1.0209741592407227,
    0.35484451055526733,
    2.8069324493408203,
    2.453531503677368,
    2.4123964309692383,
    1.8696706295013428,
    2.236301898956299,
    1.940890908241272,
    3.6761677265167236,
    2.9145588874816895,
    3.1066761016845703,
    5.479803085327148,
    4.753108978271484,
    4.847554683685303,
    4.755964756011963,
    1.7216113805770874,
    4.826765060424805
  ],
  "geodesic": [
    1.1910633531755441,
    0.9910891002321633,
    1.0375785269376352,
    0.9775345808873448,
    3.531978700783124,
    2.1729572261878607,
    2.3635296147256244,
    3.0145154107453314,
    1.6790896749081201,
    1.1100579966609527,
    2.9430849267577037,
    4.295980020430437,
    2.999297536623501,
    3.211714230633755,
    4.436653378813286,
    3.3306786138393063,
    4.831873947457261,
    4.2679155508765705,
    5.446414173830822,
    6.260508743429922,
    6.310453479752242,
    6.288280898151158,
    6.389565974675163,
    3.4640479308197514,
    6.266767060037067
  ]
}