{
  "train_loss": [
    496.3911386194101,
    401.17989333528885,
    382.1737292316516,
    369.7816615960537,
    354.0492506760817,
    339.7168552645542,
    328.197757557926,
    318.0154354482052,
    307.81961666940913,
    298.02625256958754,
    288.3101296523843,
    277.98274393046734,
    265.28968924684256,
    253.0667939424806,
    242.4219731481084,
    232.79562681614988,
    223.2853809957539,
    214.1805166353964,
    205.1210714859549,
    196.1062552762992,
    187.50001024705003,
    178.37583973643544,
    169.66465185442541,
    160.8320754054702,
    152.31398992107611,
    143.75137718489464,
    135.19593298682653,
    126.6653335813492,
    118.15798732212612,
    109.90507145882817,
    101.72620360173003,
    93.48577934889275,
    85.42481751494356,
    77.09291651426508,
    69.25038863334609,
    61.367214766468614,
    53.880441365224534,
    45.838636116521556,
    37.96862187927022,
    30.81109293331011,
    22.93648921701061,
    15.670017948662988,
    8.369750293037685,
    1.198067608260992,
    -6.126118407290206,
    -13.099471000233558,
    -19.94538694714743,
    -26.806699076269428,
    -33.793507870591455,
    -40.40823546841613,
    -47.15355053111019
  ],
  "train_elbo": [
    -496.3911386194101,
    -401.17989333528885,
    -382.1737292316516,
    -369.7816615960537,
    -354.0492506760817,
    -339.7168552645542,
    -328.197757557926,
    -318.0154354482052,
    -307.81961666940913,
    -298.02625256958754,
    -288.3101296523843,
    -277.98274393046734,
    -265.28968924684256,
    -253.0667939424806,
    -242.4219731481084,
    -232.79562681614988,
    -223.2853809957539,
    -214.1805166353964,
    -205.1210714859549,
    -196.1062552762992,
    -187.50001024705003,
    -178.37583973643544,
    -169.66465185442541,
    -160.8320754054702,
    -152.31398992107611,
    -143.75137718489464,
    -135.19593298682653,
    -126.6653335813492,
    -118.15798732212612,
    -109.90507145882817,
    -101.72620360173003,
    -93.48577934889275,
    -85.42481751494356,
    -77.09291651426508,
    -69.25038863334609,
    -61.367214766468614,
    -53.880441365224534,
    -45.838636116521556,
    -37.96862187927022,
    -30.81109293331011,
    -22.93648921701061,
    -15.670017948662988,
    -8.369750293037685,
    -1.198067608260992,
    6.126118407290206,
    13.099471000233558,
    19.94538694714743,
    26.806699076269428,
    33.793507870591455,
    40.40823546841613,
    47.15355053111019
  ],
  "train_recon_log_prob": [
    -492.7559764894665,
    -396.88910400241576,
    -382.0256827218192,
    -369.2099489763979,
    -351.6593651777368,
    -337.3416715628935,
    -325.9124237917573,
    -315.6836404392862,
    -305.29442129728994,
    -295.4491533924517,
    -285.7025446816096,
    -275.0019698556381,
    -261.25746272160455,
    -248.8694312872322,
    -238.10938194936304,
    -228.45379895779675,
    -218.86187814938424,
    -209.68911098531458,
    -200.52457633851066,
    -191.45002083318428,
    -182.90611542828645,
    -173.5241000556247,
    -164.84984401381496,
    -155.9769303132035,
    -147.34191285297547,
    -138.81620656294118,
    -130.14987533811538,
    -121.43752774155911,
    -113.04732077462333,
    -104.62058222657741,
    -96.44253957373465,
    -88.0508313673902,
    -79.96188719659789,
    -71.57417474357781,
    -63.735772497342474,
    -55.7779418749687,
    -48.289093529930625,
    -40.04047020713052,
    -32.32662007165334,
    -24.96924359224946,
    -17.122311057625236,
    -9.862282098649622,
    -2.3327889363844316,
    4.67505275751936,
    12.12256812350654,
    19.117788021381084,
    26.00636921697484,
    32.91720449706137,
    39.894810794182895,
    46.668760246118495,
    53.31095593257992
  ],
  "train_kl": [
    3.635177357838704,
    4.290794801835758,
    0.14804698054716264,
    0.5717163257692032,
    2.3898957846947786,
    2.375183104595422,
    2.285335786467798,
    2.331791515606518,
    2.525199083763747,
    2.5770962197556453,
    2.6075825729067366,
    2.980774509455549,
    4.032226654490563,
    4.197364837404281,
    4.312592709020818,
    4.34182689070556,
    4.42350495458377,
    4.491400622622871,
    4.596493341983893,
    4.656230603382264,
    4.593890306568262,
    4.851741767482734,
    4.814804291987157,
    4.855145477695489,
    4.972078887534229,
    4.9351661627400345,
    5.046055393777924,
    5.227806900010441,
    5.110667544843513,
    5.284490813556899,
    5.283663992480044,
    5.434944772312784,
    5.462931676079793,
    5.518742485651894,
    5.514615795405647,
    5.589273479540852,
    5.591347993075193,
    5.79816630471757,
    5.642001443147951,
    5.841849974514655,
    5.814177332052527,
    5.807735704531455,
    6.036961509485676,
    5.873120300935739,
    5.996449716798552,
    6.018317333798996,
    6.060982478261722,
    6.110504846724253,
    6.101304369240599,
    6.260524427788889,
    6.15740626606458
  ],
  "eval_loss": [
    425.9313915717893,
    389.6768392423304,
    377.98887299328317,
    362.99373213605185,
    347.00813643292685,
    334.3680102836795,
    324.232170737662,
    313.9667866032298,
    303.94885804711316,
    293.9706187178449,
    284.4824077327077,
    272.4240491913586,
    259.7282643387957,
    249.06832617782965,
    239.27397237638147,
    229.6826321485566,
    220.22050639827077,
    211.49147577053162,
    202.69775546934545,
    194.27111369807545,
    185.28928192883004,
    176.6650262600038,
    168.65980366032298,
    159.86916764422162,
    151.3175370379192,
    142.98787417528106,
    134.57753816930258,
    127.0577452124619,
    118.32146561785441,
    110.47907926978135,
    102.76551223382717,
    94.66536452130573,
    86.39299833716416,
    79.97764695330363,
    71.59166200219131,
    64.73990002143674,
    56.181362003233374,
    49.32240340070027,
    42.76690257002668,
    35.31680880290706,
    28.181119025625833,
    20.986489263394983,
    14.036212758320135,
    7.879504748088557,
    1.1251062829320024,
    -5.241346964022008,
    -12.478525780468452,
    -17.391106647398413,
    -24.881984599043683,
    -30.66178949867807,
    -35.74006650971204
  ],
  "eval_elbo": [
    -425.9313915717893,
    -389.6768392423304,
    -377.98887299328317,
    -362.99373213605185,
    -347.00813643292685,
    -334.3680102836795,
    -324.232170737662,
    -313.9667866032298,
    -303.94885804711316,
    -293.9706187178449,
    -284.4824077327077,
    -272.4240491913586,
    -259.7282643387957,
    -249.06832617782965,
    -239.27397237638147,
    -229.6826321485566,
    -220.22050639827077,
    -211.49147577053162,
    -202.69775546934545,
    -194.27111369807545,
    -185.28928192883004,
    -176.6650262600038,
    -168.65980366032298,
    -159.86916764422162,
    -151.3175370379192,
    -142.98787417528106,
    -134.57753816930258,
    -127.0577452124619,
    -118.32146561785441,
    -110.47907926978135,
    -102.76551223382717,
    -94.66536452130573,
    -86.39299833716416,
    -79.97764695330363,
    -71.59166200219131,
    -64.73990002143674,
    -56.181362003233374,
    -49.32240340070027,
    -42.76690257002668,
    -35.31680880290706,
    -28.181119025625833,
    -20.986489263394983,
    -14.036212758320135,
    -7.879504748088557,
    -1.1251062829320024,
    5.241346964022008,
    12.478525780468452,
    17.391106647398413,
    24.881984599043683,
    30.66178949867807,
    35.74006650971204
  ],