{
  "pair_indices": [
    [
      580,
      435
    ],
    [
      349,
      184
    ],
    [
      210,
      27
    ],
    [
      51,
      11
    ],
    [
      802,
      1238
    ],
    [
      1126,
      1306
    ],
    [
      1026,
      1097
    ],
    [
      2028,
      1863
    ],
    [
      1797,
      1736
    ],
    [
      1747,
      2003
    ],
    [
      568,
      1670
    ],
    [
      1373,
      5
    ],
    [
      807,
      1755
    ],
    [
      1135,
      68
    ],
    [
      1733,
      359
    ],
    [
      182,
      1767
    ],
    [
      45,
      1108
    ],
    [
      825,
      57
    ],
    [
      16,
      1373
    ],
    [
      526,
      1260
    ],
    [
      498,
      835
    ],
    [
      498,
      1355
    ],
    [
      498,
      833
    ],
    [
      1207,
      1891
    ],
    [
      498,
      840
    ]
  ],
  "euclidean": [
    0.5063026547431946,
    0.259134978055954,
    0.4424053430557251,
    0.12981946766376495,
    3.7800028324127197,
    1.9460840225219727,
    2.4370481967926025,
    2.260741710662842,
    1.2727946043014526,
    0.3674306273460388,
    1.8017979860305786,
    1.4247326850891113,
    2.691586494445801,
    2.6691880226135254,
    1.9989866018295288,
    4.52351713180542,
    4.272517681121826,
    2.779000997543335,
    2.9241139888763428,
    5.277457237243652,
    5.105023384094238,
    5.129179954528809,
    5.093249797821045,
    3.443773031234741,
    5.071096897125244
  ],
  "geodesic": [
    1.2505174996128898,
    1.200877530389627,
    1.1585741654925317,
    1.2701004395604527,
    3.4147459694698727,
    2.4076255730731817,
    2.2760989416904756,
    3.6396743777583787,
    1.88738269062422,
    1.494801254330324,
    2.555191596922795,
    2.8280685166256148,
    3.16490150913105,
    4.0802242094030845,
    3.7287360995906678,
    4.6096137550718135,
    5.7565979627711075,
    4.582059347939744,
    4.343382017068198,
    6.40032416953217,
    6.730347174522248,
    6.841021546937567,
    6.684848723315531,
    4.687884302280442,
    6.772924137570937
  ]
}