{
  "train_loss": [
    499.8156432732849,
    399.26697407071555,
    381.833496764466,
    370.3859403095548,
    356.6039590800638,
    341.2051357320522,
    328.68926308879924,
    318.2888391143091,
    308.16317283248435,
    298.043948517032,
    286.5579296666333,
    273.03255949847136,
    261.3737353649768,
    251.0564715859363,
    241.08810447161886,
    231.68248272757245,
    222.39390696244945,
    212.85000647613563,
    203.7220021528493,
    194.725588955722,
    185.77396414247914,
    176.71034415854058,
    167.64849248008122,
    158.62752731379135,
    150.07605766696952,
    141.25538067008404,
    132.4566184708778,
    124.01830379313748,
    115.48061722975511,
    107.16892834897443,
    98.75346871959421,
    90.57480896145142,
    82.62888665950342,
    74.32211220802988,
    66.23886507567615,
    58.50956844846844,
    50.7485960377005,
    43.030855372129636,
    35.32214142609574,
    28.016445376497487,
    20.21369768499018,
    12.9303798826914,
    5.494749695681245,
    -1.4791655476422245,
    -9.034904268052843,
    -16.107221088712176,
    -22.98005606403281,
    -29.48168941120525,
    -35.94995270427476,
    -43.133737994928794
  ],
  "train_elbo": [
    -499.8156432732849,
    -399.26697407071555,
    -381.833496764466,
    -370.3859403095548,
    -356.6039590800638,
    -341.2051357320522,
    -328.68926308879924,
    -318.2888391143091,
    -308.16317283248435,
    -298.043948517032,
    -286.5579296666333,
    -273.03255949847136,
    -261.3737353649768,
    -251.0564715859363,
    -241.08810447161886,
    -231.68248272757245,
    -222.39390696244945,
    -212.85000647613563,
    -203.7220021528493,
    -194.725588955722,
    -185.77396414247914,
    -176.71034415854058,
    -167.64849248008122,
    -158.62752731379135,
    -150.07605766696952,
    -141.25538067008404,
    -132.4566184708778,
    -124.01830379313748,
    -115.48061722975511,
    -107.16892834897443,
    -98.75346871959421,
    -90.57480896145142,
    -82.62888665950342,
    -74.32211220802988,
    -66.23886507567615,
    -58.50956844846844,
    -50.7485960377005,
    -43.030855372129636,
    -35.32214142609574,
    -28.016445376497487,
    -20.21369768499018,
    -12.9303798826914,
    -5.494749695681245,
    1.4791655476422245,
    9.034904268052843,
    16.107221088712176,
    22.98005606403281,
    29.48168941120525,
    35.94995270427476,
    43.133737994928794
  ],
  "train_recon_log_prob": [
    -499.13243153331047,
    -397.31329226464726,
    -381.68035899850474,
    -369.16200563759156,
    -354.6420044392456,
    -338.75289365514584,
    -326.5066922924894,
    -315.89689768510567,
    -305.7562030051654,
    -295.4211624387711,
    -283.43761670458446,
    -268.7775127704327,
    -257.1649171039735,
    -246.7830080956912,
    -236.70424163035858,
    -227.32425113067814,
    -218.0466550424131,
    -208.31854330023276,
    -199.2164516425686,
    -190.04398359920515,
    -181.0928958990635,
    -171.92868783505992,
    -162.89477170168698,
    -153.71618050562446,
    -145.09327474181904,
    -136.21458664219895,
    -127.3890155517429,
    -118.84320550902277,
    -110.24698135879014,
    -102.01563872173156,
    -93.42348885448861,
    -85.18923754569812,
    -77.2677760793758,
    -68.79263866457165,
    -60.72707355298984,
    -53.08675799527011,
    -45.14102918557341,
    -37.32218253073966,
    -29.579097123664233,
    -22.33739764873798,
    -14.395246254218804,
    -7.098385513920487,
    0.4007085245898646,
    7.460823107988406,
    15.037909839616153,
    22.20992891546862,
    29.15673818343725,
    35.57981973631769,
    42.15430775550404,
    49.43222897335141
  ],
  "train_kl": [
    0.6832051107589433,
    1.9536908264925774,
    0.15313379854073017,
    1.2239304182730315,
    1.9619553653894035,
    2.4522327544197204,
    2.182580149654067,
    2.3919378016894552,
    2.4069682934636454,
    2.622784629118457,
    3.1203243153144733,
    4.255046930650797,
    4.208823808383593,
    4.273471409584577,
    4.383861703022641,
    4.35822978910509,
    4.347250877282558,
    4.53146235613887,
    4.505552654010181,
    4.681605050269792,
    4.681066047286522,
    4.781652841230306,
    4.753722348055997,
    4.911346273690062,
    4.982787872263218,
    5.04079598879785,
    5.0676020760821485,
    5.1750976163097935,
    5.233636629013788,
    5.153288472120869,
    5.329980393178006,
    5.385570394541609,
    5.3611117876493015,
    5.529475711640858,
    5.511790814126076,
    5.422809605487828,
    5.607567112378876,
    5.708673184316819,
    5.743043855287508,
    5.679047674777598,
    5.818451951857161,
    5.831994197598598,
    5.895458227839953,
    5.9816571190243675,
    6.0030053072359975,
    6.102707432594346,
    6.176682811662537,
    6.098130049722972,
    6.204355289356758,
    6.298491006951338
  ],
  "eval_loss": [
    417.23157780344894,
    389.5585161906917,
    377.3621796398628,
    363.95817498928164,
    349.18994468130717,
    335.134853753811,
    324.8423126965034,
    314.28574531369094,
    304.0906343785728,
    293.607351461271,
    280.3284749845179,
    268.37375413848133,
    257.6323551829268,
    247.7898852092464,
    238.22032515362994,
    229.66327090379667,
    220.15809207078888,
    210.81700737185594,
    201.74418349847562,
    193.3746075886052,
    184.0912854450505,
    175.41165220679306,
    166.61059466106136,
    157.9371287276105,
    149.89549337247522,
    141.51989254835175,
    133.13056149366426,
    124.52412894644388,
    116.29381114680592,
    108.61928394596751,
    100.5852612006955,
    93.20983332192026,
    85.60535989156584,
    78.17081395591178,
    70.33819308397247,
    62.44856124505764,
    55.81391019123357,
    47.903843019066784,
    41.36777241404464,
    34.29068415572004,
    27.563624312237994,
    19.636357023657823,
    13.521600127801662,
    6.864790116286859,
    -0.5814285010826297,
    -5.889225853943243,
    -12.97399364564477,
    -18.330640104340343,
    -24.796272715126594,
    -31.741510558709866
  ],
  "eval_elbo": [
    -417.23157780344894,
    -389.5585161906917,
    -377.3621796398628,
    -363.95817498928164,
    -349.18994468130717,
    -335.134853753811,
    -324.8423126965034,
    -314.28574531369094,
    -304.0906343785728,
    -293.607351461271,
    -280.3284749845179,
    -268.37375413848133,
    -257.6323551829268,
    -247.7898852092464,
    -238.22032515362994,
    -229.66327090379667,
    -220.15809207078888,
    -210.81700737185594,
    -201.74418349847562,
    -193.3746075886052,
    -184.0912854450505,
    -175.41165220679306,
    -166.61059466106136,
    -157.9371287276105,
    -149.89549337247522,
    -141.51989254835175,
    -133.13056149366426,
    -124.52412894644388,
    -116.29381114680592,
    -108.61928394596751,
    -100.5852612006955,
    -93.20983332192026,
    -85.60535989156584,
    -78.17081395591178,
    -70.33819308397247,
    -62.44856124505764,
    -55.81391019123357,
    -47.903843019066784,
    -41.36777241404464,
    -34.29068415572004,
    -27.563624312237994,
    -19.636357023657823,
    -13.521600127801662,
    -6.864790116286859,
    0.5814285010826297,
    5.889225853943243,
    12.97399364564477,
    18.330640104340343,
    24.796272715126594,
    31.741510558709866
  ],