{
  "pair_indices": [
    [
      580,
      435
    ],
    [
      349,
      184
    ],
    [
      210,
      27
    ],
    [
      51,
      11
    ],
    [
      802,
      1238
    ],
    [
      1126,
      1306
    ],
    [
      1026,
      1097
    ],
    [
      2028,
      1863
    ],
    [
      1797,
      1736
    ],
    [
      1747,
      2003
    ],
    [
      568,
      1670
    ],
    [
      1373,
      5
    ],
    [
      807,
      1755
    ],
    [
      1135,
      68
    ],
    [
      1733,
      359
    ],
    [
      182,
      1767
    ],
    [
      45,
      1108
    ],
    [
      825,
      57
    ],
    [
      16,
      1373
    ],
    [
      526,
      1260
    ],
    [
      498,
      835
    ],
    [
      498,
      1355
    ],
    [
      498,
      833
    ],
    [
      1207,
      1891
    ],
    [
      498,
      840
    ]
  ],
  "euclidean": [
    0.5876906514167786,
    0.26300284266471863,
    0.5097092986106873,
    0.14495812356472015,
    3.7692697048187256,
    1.8175761699676514,
    2.576509714126587,
    1.0694197416305542,
    0.887836754322052,
    0.3312109112739563,
    2.6522815227508545,
    1.4893381595611572,
    2.2876107692718506,
    2.559178590774536,
    1.9969890117645264,
    3.3556606769561768,
    4.184769153594971,
    2.759007215499878,
    3.1426897048950195,
    5.137052059173584,
    4.988656997680664,
    4.971715927124023,
    4.928938865661621,
    2.1637496948242188,
    4.955489635467529
  ],
  "geodesic": [
    1.1637890897878955,
    1.067852841654288,
    1.0905287582649272,
    1.2547736094416526,
    3.4589239941264327,
    2.1594960202257494,
    2.277491046205375,
    2.6012010294581804,
    1.5697396974962148,
    1.2972881164714574,
    2.9199524128315315,
    2.7917637499729167,
    3.0583906045344804,
    3.4114742987261595,
    3.7263813094709213,
    4.06497985271796,
    5.882153640063518,
    4.785875264858169,
    4.46046009615703,
    6.878919281911989,
    7.110311257890334,
    6.6597896709966795,
    6.990892480022585,
    3.9937592937618045,
    6.644413556240133
  ]
}