{
  "train_loss": [
    499.2159129085704,
    397.4284508114769,
    381.46881099789425,
    369.3599784953545,
    355.6001998659164,
    340.9087877657824,
    329.22012917841164,
    318.64495331667575,
    308.68564263834037,
    298.857179075807,
    289.45858522445434,
    280.10087237049515,
    271.40784332312654,
    262.2886935875675,
    252.97760084289627,
    240.23206583658853,
    227.73826004792193,
    217.3336201948415,
    207.4905508597983,
    197.95186839493786,
    188.87286240946824,
    179.7441589951661,
    170.92382493909898,
    162.2679206745674,
    153.52583922221984,
    144.79402883527334,
    136.02677645467867,
    127.50272643260466,
    118.7697270618108,
    110.47819323417468,
    101.83145151848612,
    93.62775082058377,
    85.59711077157976,
    77.18900534754417,
    68.81070389706865,
    60.9690430470002,
    53.2911620553451,
    45.2024782667521,
    37.57265410464034,
    29.783426343011914,
    22.33702868041247,
    14.761024159535092,
    7.688357691042881,
    0.18191001878116594,
    -6.953749139666994,
    -14.048575989347093,
    -21.118326142885163,
    -28.2109868069417,
    -34.538288903614834,
    -41.59790793618003,
    -48.42019344511486
  ],
  "train_elbo": [
    -499.2159129085704,
    -397.4284508114769,
    -381.46881099789425,
    -369.3599784953545,
    -355.6001998659164,
    -340.9087877657824,
    -329.22012917841164,
    -318.64495331667575,
    -308.68564263834037,
    -298.857179075807,
    -289.45858522445434,
    -280.10087237049515,
    -271.40784332312654,
    -262.2886935875675,
    -252.97760084289627,
    -240.23206583658853,
    -227.73826004792193,
    -217.3336201948415,
    -207.4905508597983,
    -197.95186839493786,
    -188.87286240946824,
    -179.7441589951661,
    -170.92382493909898,
    -162.2679206745674,
    -153.52583922221984,
    -144.79402883527334,
    -136.02677645467867,
    -127.50272643260466,
    -118.7697270618108,
    -110.47819323417468,
    -101.83145151848612,
    -93.62775082058377,
    -85.59711077157976,
    -77.18900534754417,
    -68.81070389706865,
    -60.9690430470002,
    -53.2911620553451,
    -45.2024782667521,
    -37.57265410464034,
    -29.783426343011914,
    -22.33702868041247,
    -14.761024159535092,
    -7.688357691042881,
    -0.18191001878116594,
    6.953749139666994,
    14.048575989347093,
    21.118326142885163,
    28.2109868069417,
    34.538288903614834,
    41.59790793618003,
    48.42019344511486
  ],
  "train_recon_log_prob": [
    -497.67154504498865,
    -396.0893096364898,
    -381.33496548346403,
    -368.295648372217,
    -353.42848304310706,
    -338.7487007113167,
    -327.24773473122474,
    -316.30521170181817,
    -306.4016342069931,
    -296.37399515564186,
    -287.03783058101294,
    -277.5440908206106,
    -268.8670207525493,
    -259.67427731841184,
    -250.06437124175466,
    -236.14271545410156,
    -223.52288110381372,
    -212.9739025893811,
    -203.1357130113539,
    -193.52331367837348,
    -184.3054452786661,
    -175.13138447110614,
    -166.33739518944597,
    -157.46589697906532,
    -148.81269920265282,
    -139.91708571512038,
    -131.1318586952666,
    -122.44963646633721,
    -113.74363167265541,
    -105.3217288752033,
    -96.6492182786357,
    -88.3120596563132,
    -80.26635077992347,
    -71.8160869426052,
    -63.4628418210953,
    -55.50250671256302,
    -47.69530660328848,
    -39.641963702563984,
    -31.9866699013809,
    -24.13328072264954,
    -16.54112009833293,
    -8.95008193180238,
    -1.7548881496993032,
    5.763480018783402,
    12.867797963348501,
    20.105508017161537,
    27.13084934686421,
    34.363107348245286,
    40.74966266245487,
    47.75179158957159,
    54.82284401042412
  ],
  "train_kl": [
    1.5443668660954533,
    1.3391516092204931,
    0.1338461268515814,
    1.0643238791324863,
    2.1717205708425706,
    2.1600800478996955,
    1.9724042660150773,
    2.3397471744644482,
    2.2840034458081218,
    2.483184734689156,
    2.4207553138663043,
    2.556781724550203,
    2.5408237623789955,
    2.6144196527199286,
    2.9132274218967984,
    4.0893485933287534,
    4.215379171755725,
    4.359717357435215,
    4.354836746304318,
    4.428552683456477,
    4.567421829307472,
    4.612774457104768,
    4.586428151462541,
    4.80202470332275,
    4.713137990534669,
    4.876941942906642,
    4.894917649372739,
    5.053090688800928,
    5.026094675355196,
    5.156466473589886,
    5.1822341865381185,
    5.3156935868828,
    5.330760466746795,
    5.372918827047569,
    5.347861197405246,
    5.46653643807212,
    5.595854341765463,
    5.5605150200654005,
    5.585984076335754,
    5.650145419496902,
    5.795908626910386,
    5.810941943027744,
    5.933469602913211,
    5.945390060271099,
    5.9140488050505065,
    6.05693183801113,
    6.012523054931044,
    6.152120438250867,
    6.211373714591412,
    6.153883868812496,
    6.402650423247881
  ],
  "eval_loss": [
    430.5663266065644,
    389.9316294600324,
    378.6500056569169,
    365.07762332078886,
    349.74945589391194,
    335.39689494807544,
    324.779697027439,
    314.78892807379003,
    304.8896671946456,
    295.0924188381288,
    285.77344970703126,
    277.0016007586223,
    267.8905577124619,
    259.1831007050305,
    248.22359797780106,
    234.60523904939978,
    224.34536743164062,
    214.55378254215893,
    204.65916554520768,
    195.41415606242853,
    186.6366398508956,
    177.97704557093178,
    169.24302621236663,
    160.87656919898058,
    152.08718231945502,
    143.62686224216367,
    135.55944243640434,
    127.16588023115949,
    119.02265673381527,
    111.01114970881764,
    103.11818769501477,
    95.14964990383241,
    87.84567599412871,
    79.48100254710128,
    72.30467689328077,
    64.3227772410323,
    57.510691219422874,
    50.007924968440356,
    42.821448163288395,
    35.80664827300281,
    28.290462251988853,
    21.133474871007408,
    14.112502977324695,
    8.601998194252573,
    1.4588365357096602,
    -5.832616375713814,
    -11.823256492614746,
    -18.252686300510312,
    -24.56955828782989,
    -30.444808457537395,
    -36.184374069586035
  ],
  "eval_elbo": [
    -430.5663266065644,
    -389.9316294600324,
    -378.6500056569169,
    -365.07762332078886,
    -349.74945589391194,
    -335.39689494807544,
    -324.779697027439,
    -314.78892807379003,
    -304.8896671946456,
    -295.0924188381288,
    -285.77344970703126,
    -277.0016007586223,
    -267.8905577124619,
    -259.1831007050305,
    -248.22359797780106,
    -234.60523904939978,
    -224.34536743164062,
    -214.55378254215893,
    -204.65916554520768,
    -195.41415606242853,
    -186.6366398508956,
    -177.97704557093178,
    -169.24302621236663,
    -160.87656919898058,
    -152.08718231945502,
    -143.62686224216367,
    -135.55944243640434,
    -127.16588023115949,
    -119.02265673381527,
    -111.01114970881764,
    -103.11818769501477,
    -95.14964990383241,
    -87.84567599412871,
    -79.48100254710128,
    -72.30467689328077,
    -64.3227772410323,
    -57.510691219422874,
    -50.007924968440356,
    -42.821448163288395,
    -35.80664827300281,
    -28.290462251988853,
    -21.133474871007408,
    -14.112502977324695,
    -8.601998194252573,
    -1.4588365357096602,
    5.832616375713814,
    11.823256492614746,
    18.252686300510312,
    24.56955828782989,
    30.444808457537395,
    36.184374069586035
  ],