{
  "pair_indices": [
    [
      580,
      435
    ],
    [
      349,
      184
    ],
    [
      210,
      27
    ],
    [
      51,
      11
    ],
    [
      802,
      1238
    ],
    [
      1126,
      1306
    ],
    [
      1026,
      1097
    ],
    [
      2028,
      1863
    ],
    [
      1797,
      1736
    ],
    [
      1747,
      2003
    ],
    [
      568,
      1670
    ],
    [
      1373,
      5
    ],
    [
      807,
      1755
    ],
    [
      1135,
      68
    ],
    [
      1733,
      359
    ],
    [
      182,
      1767
    ],
    [
      45,
      1108
    ],
    [
      825,
      57
    ],
    [
      16,
      1373
    ],
    [
      526,
      1260
    ],
    [
      498,
      835
    ],
    [
      498,
      1355
    ],
    [
      498,
      833
    ],
    [
      1207,
      1891
    ],
    [
      498,
      840
    ]
  ],
  "euclidean": [
    0.5571309924125671,
    0.24672482907772064,
    0.5515248775482178,
    0.0476563423871994,
    3.892265558242798,
    2.056633234024048,
    2.492396831512451,
    2.369253158569336,
    1.0116736888885498,
    0.5444854497909546,
    1.3713113069534302,
    1.8508366346359253,
    2.7592647075653076,
    2.4988760948181152,
    1.9030206203460693,
    5.480985164642334,
    4.13778829574585,
    2.8824691772460938,
    3.071071147918701,
    5.2971696853637695,
    5.432590484619141,
    5.475158214569092,
    5.332134246826172,
    3.6321003437042236,
    5.405289649963379
  ],
  "geodesic": [
    0.7765719545583248,
    0.36470043708585753,
    0.8266678351796516,
    0.06906700026297317,
    3.268705530392939,
    2.1398547937916685,
    2.1959186409503744,
    2.9083406865446886,
    1.0372532746508567,
    0.9977929077709942,
    1.7445155442415359,
    3.0628831584787357,
    3.1509114051986047,
    3.4377022423638324,
    3.3477306023868207,
    5.230373207911933,
    5.679652574686292,
    4.398524010791659,
    4.310309475720886,
    6.19334982802402,
    6.446907058909776,
    6.645959197220748,
    6.365963384054994,
    4.457677822706002,
    6.5690437752084945
  ]
}