{
  "train_loss": [
    499.4442934215578,
    399.6090354313926,
    381.6372815552503,
    369.3506245781942,
    355.2007341955462,
    340.73631873497595,
    328.8931575118404,
    318.34601433722526,
    308.0901763506134,
    296.8893520182888,
    284.9189937531002,
    274.34841203514907,
    263.829588576842,
    252.9796874031188,
    242.44210562048087,
    232.31232602372128,
    222.52823982657966,
    212.71141046656794,
    203.35868360358717,
    193.7759264711932,
    184.72335688738886,
    175.57701079167143,
    166.67192096267718,
    157.86395509601076,
    149.01940506223647,
    140.56328579969022,
    132.0721474671975,
    123.51395174056765,
    115.1588371193016,
    106.80230874048776,
    98.72637659988123,
    90.09925473391355,
    82.26547339955238,
    73.85033339895172,
    66.3014791719206,
    58.388851412632235,
    50.397715683821794,
    42.94502558725657,
    35.374988663036454,
    27.638107926272067,
    20.47968863975143,
    12.76220182737879,
    5.362153650203467,
    -1.9746581957890437,
    -9.396529834385465,
    -16.592559721298123,
    -23.425162710112968,
    -29.982814239203858,
    -37.19649088280833,
    -44.154569129804116,
    -51.013819828429355
  ],
  "train_elbo": [
    -499.4442934215578,
    -399.6090354313926,
    -381.6372815552503,
    -369.3506245781942,
    -355.2007341955462,
    -340.73631873497595,
    -328.8931575118404,
    -318.34601433722526,
    -308.0901763506134,
    -296.8893520182888,
    -284.9189937531002,
    -274.34841203514907,
    -263.829588576842,
    -252.9796874031188,
    -242.44210562048087,
    -232.31232602372128,
    -222.52823982657966,
    -212.71141046656794,
    -203.35868360358717,
    -193.7759264711932,
    -184.72335688738886,
    -175.57701079167143,
    -166.67192096267718,
    -157.86395509601076,
    -149.01940506223647,
    -140.56328579969022,
    -132.0721474671975,
    -123.51395174056765,
    -115.1588371193016,
    -106.80230874048776,
    -98.72637659988123,
    -90.09925473391355,
    -82.26547339955238,
    -73.85033339895172,
    -66.3014791719206,
    -58.388851412632235,
    -50.397715683821794,
    -42.94502558725657,
    -35.374988663036454,
    -27.638107926272067,
    -20.47968863975143,
    -12.76220182737879,
    -5.362153650203467,
    1.9746581957890437,
    9.396529834385465,
    16.592559721298123,
    23.425162710112968,
    29.982814239203858,
    37.19649088280833,
    44.154569129804116,
    51.013819828429355
  ],
  "train_recon_log_prob": [
    -495.795651986631,
    -396.6516559680012,
    -381.4203754280659,
    -368.03859046498206,
    -352.6421421223362,
    -338.31129394084104,
    -326.34116997910945,
    -315.6494298615881,
    -305.158206925724,
    -293.6297099168193,
    -281.1264915978661,
    -270.6578398950225,
    -259.6992592910562,
    -248.75157484117446,
    -238.01602282774462,
    -227.7311301877647,
    -217.7999973506718,
    -208.05504646347848,
    -198.4874289003775,
    -188.97298139821334,
    -179.8124708052229,
    -170.72120634831205,
    -161.78734231839397,
    -152.77007473490323,
    -144.08717074178804,
    -135.49756313039853,
    -126.92237991873307,
    -118.3086425259582,
    -109.9687003949623,
    -101.42589131263296,
    -93.37874479375334,
    -84.64076506785857,
    -76.85071659670353,
    -68.41139398651681,
    -60.69083797655117,
    -52.90399046025725,
    -44.653260851663255,
    -37.32309068020738,
    -29.679299891358912,
    -21.866733150458888,
    -14.611782758663862,
    -6.851546309369824,
    0.7121241188747979,
    7.975896795881828,
    15.449186530014243,
    22.7477045396891,
    29.504222678905297,
    36.23387185819856,
    43.38211224454663,
    50.47481445573334,
    57.3107551276611
  ],
  "train_kl": [
    3.64863796712278,
    2.9573766666672605,
    0.21690711677438318,
    1.3120354092310345,
    2.5585884104718217,
    2.425025380138076,
    2.5519999770745545,
    2.696583860523098,
    2.9319681655501855,
    3.2596464576301996,
    3.7924956116775306,
    3.6905703876481386,
    4.130330515431834,
    4.2281103110866525,
    4.42608398512024,
    4.581193921039102,
    4.7282404521154975,
    4.656365272908566,
    4.87125368549128,
    4.802944941980644,
    4.9108859942509575,
    4.855804535932156,
    4.884577835581387,
    5.093878311697526,
    4.932232307135986,
    5.065722806695326,
    5.149765482752314,
    5.205311128944705,
    5.190138673607683,
    5.376419579735314,
    5.347629681029454,
    5.458491775433513,
    5.414757629017253,
    5.438940597832276,
    5.610640494378059,
    5.484861505482805,
    5.7444546155731615,
    5.621934736459101,
    5.695689083746792,
    5.771375483791179,
    5.867906104659569,
    5.910655577686389,
    6.074277569813897,
    6.001238564431886,
    6.052656984154558,
    6.155145355196663,
    6.079059699807266,
    6.25105840149671,
    6.185621123610836,
    6.320246488620073,
    6.29693545643081
  ],
  "eval_loss": [
    421.46969410966085,
    389.63251506526296,
    376.7332128013053,
    363.0848339546018,
    347.625058355564,
    335.2661897984947,
    324.4207759205888,
    314.0000955721227,
    303.70571646341466,
    291.0565504120617,
    280.3140718785728,
    269.9860768387957,
    259.47746596917875,
    248.59920311904534,
    238.80220098728086,
    229.3752792730564,
    219.29971961044683,
    210.383051579173,
    200.92949523925782,
    191.45117254489804,
    182.86401984982373,
    173.80199771043732,
    165.75994195705508,
    156.3097531946694,
    149.1768464623428,
    139.91199787419018,
    131.67754903653773,
    123.1714338349133,
    116.03965710895818,
    107.30229521960747,
    100.76374109779915,
    91.4589657295041,
    83.96269218630907,
    77.39587160436119,
    68.88497027885623,
    61.36907333746189,
    53.793213206965746,
    47.132496308117375,
    39.92099226044446,
    32.407388007931594,
    25.176230295693003,
    18.119881792766293,
    11.832694621202423,
    4.615746642322075,
    -1.5412622544823624,
    -8.114548627341666,
    -14.481097081812417,
    -20.88664241883813,
    -28.37856418330495,
    -34.449897989412634,
    -40.75376220330959
  ],
  "eval_elbo": [
    -421.46969410966085,
    -389.63251506526296,
    -376.7332128013053,
    -363.0848339546018,
    -347.625058355564,
    -335.2661897984947,
    -324.4207759205888,
    -314.0000955721227,
    -303.70571646341466,
    -291.0565504120617,
    -280.3140718785728,
    -269.9860768387957,
    -259.47746596917875,
    -248.59920311904534,
    -238.80220098728086,
    -229.3752792730564,
    -219.29971961044683,
    -210.383051579173,
    -200.92949523925782,
    -191.45117254489804,
    -182.86401984982373,
    -173.80199771043732,
    -165.75994195705508,
    -156.3097531946694,
    -149.1768464623428,
    -139.91199787419018,
    -131.67754903653773,
    -123.1714338349133,
    -116.03965710895818,
    -107.30229521960747,
    -100.76374109779915,
    -91.4589657295041,
    -83.96269218630907,
    -77.39587160436119,
    -68.88497027885623,
    -61.36907333746189,
    -53.793213206965746,
    -47.132496308117375,
    -39.92099226044446,
    -32.407388007931594,
    -25.176230295693003,
    -18.119881792766293,
    -11.832694621202423,
    -4.615746642322075,
    1.5412622544823624,
    8.114548627341666,
    14.481097081812417,
    20.88664241883813,
    28.37856418330495,
    34.449897989412634,
    40.75376220330959
  ],