{
  "pair_indices": [
    [
      580,
      435
    ],
    [
      349,
      184
    ],
    [
      210,
      27
    ],
    [
      51,
      11
    ],
    [
      802,
      1238
    ],
    [
      1126,
      1306
    ],
    [
      1026,
      1097
    ],
    [
      2028,
      1863
    ],
    [
      1797,
      1736
    ],
    [
      1747,
      2003
    ],
    [
      568,
      1670
    ],
    [
      1373,
      5
    ],
    [
      807,
      1755
    ],
    [
      1135,
      68
    ],
    [
      1733,
      359
    ],
    [
      182,
      1767
    ],
    [
      45,
      1108
    ],
    [
      825,
      57
    ],
    [
      16,
      1373
    ],
    [
      526,
      1260
    ],
    [
      498,
      835
    ],
    [
      498,
      1355
    ],
    [
      498,
      833
    ],
    [
      1207,
      1891
    ],
    [
      498,
      840
    ]
  ],
  "euclidean": [
    0.5146723389625549,
    0.3591172397136688,
    0.5418782234191895,
    0.043595362454652786,
    3.883681297302246,
    2.0469439029693604,
    2.4848952293395996,
    2.023608684539795,
    1.2945524454116821,
    0.6277714967727661,
    1.65011727809906,
    1.5316373109817505,
    2.6670727729797363,
    2.3011281490325928,
    1.8158178329467773,
    4.821665287017822,
    3.755566358566284,
    2.3626933097839355,
    3.002026319503784,
    4.822207450866699,
    4.898003578186035,
    5.033604621887207,
    4.868249416351318,
    4.226337909698486,
    4.955230712890625
  ],
  "geodesic": [
    1.3494803205470702,
    1.2476234732701559,
    1.3336234770435502,
    1.147241709443339,
    3.5176593235266607,
    2.473758783156198,
    2.4752265864987995,
    3.1090303929739953,
    1.7310327854985375,
    1.6608933910351613,
    2.3569884703802892,
    2.779830570409482,
    3.181856432598117,
    3.3788255273955885,
    3.260937113960656,
    5.1098535529425435,
    5.201736952382093,
    4.063847714401907,
    4.229968716841649,
    6.276783432133552,
    6.078431893963342,
    6.294556751841105,
    6.036800064362729,
    4.811691612616789,
    6.202456190822493
  ]
}