{
  "train_loss": [
    497.37014830127015,
    400.0216789199028,
    381.99175831628224,
    371.4356453212044,
    360.3151617737189,
    347.52195424882194,
    332.1453311533573,
    320.2729043925638,
    309.34405491494726,
    296.98621633899955,
    285.1526206066611,
    274.1749952081068,
    262.80044715890665,
    252.07149581070786,
    241.86372403434783,
    231.88887104039082,
    222.17632562919124,
    212.6320296067458,
    203.26441495380703,
    194.0746290977767,
    184.90590309077857,
    175.91664052737357,
    166.7723173856444,
    158.02935546949524,
    149.40851642389728,
    141.05687615810297,
    132.48729024847495,
    123.68654154683207,
    115.40547993418934,
    107.15671156439589,
    98.60603255200881,
    90.61508609087039,
    82.68705409495968,
    74.65716162414924,
    66.74623728788234,
    58.77258451692351,
    50.96508059193072,
    43.30342229673132,
    35.60535109057677,
    28.135471891279767,
    21.084780698876386,
    13.564070984557434,
    6.010634648203122,
    -0.9784166664430947,
    -8.20470442440047,
    -15.252463996337593,
    -22.056767728011394,
    -29.252943106477804,
    -35.59200934758262,
    -42.28572055970356,
    -49.19711110880087
  ],
  "train_elbo": [
    -497.37014830127015,
    -400.0216789199028,
    -381.99175831628224,
    -371.4356453212044,
    -360.3151617737189,
    -347.52195424882194,
    -332.1453311533573,
    -320.2729043925638,
    -309.34405491494726,
    -296.98621633899955,
    -285.1526206066611,
    -274.1749952081068,
    -262.80044715890665,
    -252.07149581070786,
    -241.86372403434783,
    -231.88887104039082,
    -222.17632562919124,
    -212.6320296067458,
    -203.26441495380703,
    -194.0746290977767,
    -184.90590309077857,
    -175.91664052737357,
    -166.7723173856444,
    -158.02935546949524,
    -149.40851642389728,
    -141.05687615810297,
    -132.48729024847495,
    -123.68654154683207,
    -115.40547993418934,
    -107.15671156439589,
    -98.60603255200881,
    -90.61508609087039,
    -82.68705409495968,
    -74.65716162414924,
    -66.74623728788234,
    -58.77258451692351,
    -50.96508059193072,
    -43.30342229673132,
    -35.60535109057677,
    -28.135471891279767,
    -21.084780698876386,
    -13.564070984557434,
    -6.010634648203122,
    0.9784166664430947,
    8.20470442440047,
    15.252463996337593,
    22.056767728011394,
    29.252943106477804,
    35.59200934758262,
    42.28572055970356,
    49.19711110880087
  ],
  "train_recon_log_prob": [
    -495.5917165381277,
    -397.3738534482553,
    -381.96204447950055,
    -371.35032763731493,
    -359.2477619697468,
    -345.28282748677645,
    -329.4883479117183,
    -317.7990485669929,
    -306.6862278753148,
    -293.95759755787833,
    -281.7115648430346,
    -270.3720387143239,
    -258.861815381545,
    -247.77453231345748,
    -237.51851975437486,
    -227.37084541739998,
    -217.58427237299918,
    -208.07386755564855,
    -198.58829896062866,
    -189.41017359546106,
    -180.10360509106238,
    -171.08351414718908,
    -161.9157964871771,
    -153.05402289496527,
    -144.4620073665484,
    -135.97216247260496,
    -127.46856482649024,
    -118.48195176829057,
    -110.22633440998156,
    -101.9304938962608,
    -93.26473228631585,
    -85.36253693223145,
    -77.3248072753459,
    -69.25803539196941,
    -61.31770730862833,
    -53.31914832332923,
    -45.51037076454023,
    -37.66949881156577,
    -29.961680848956544,
    -22.460573601635385,
    -15.398783535893292,
    -7.695016160116091,
    -0.25018463168243205,
    6.97809210743514,
    14.042413482153663,
    21.20833268124833,
    28.053065117171105,
    35.37470861581656,
    41.66564263237847,
    48.45956242972387,
    55.33284183357807
  ],
  "train_kl": [
    1.778430401942305,
    2.6478278745916444,
    0.029705427341408783,
    0.08531416201183939,
    1.0673980289326483,
    2.239117911447099,
    2.6569779874058725,
    2.4738544200948454,
    2.657823779207446,
    3.0286163101848373,
    3.4410546035557004,
    3.802959731501392,
    3.9386364915868737,
    4.296963139768049,
    4.345207818698534,
    4.518023519434481,
    4.592055474445496,
    4.5581625285166085,
    4.676119179079384,
    4.664454457232949,
    4.802297519385742,
    4.833129245865185,
    4.856521212865436,
    4.975331591744708,
    4.946507533100207,
    5.0847159875909345,
    5.018728195092617,
    5.204592123136416,
    5.179146180368314,
    5.226221034523914,
    5.341299710256276,
    5.252552138434516,
    5.3622460924225415,
    5.399125851408757,
    5.428531238010952,
    5.453436275687118,
    5.454710424164713,
    5.633923262757987,
    5.643670249189067,
    5.674897519951193,
    5.685997274769095,
    5.869054888630961,
    5.760450115133991,
    5.999675955091204,
    5.837709311018351,
    5.955869355626741,
    5.99629718771202,
    6.12176494982653,
    6.073633493812384,
    6.173842399257152,
    6.135731096814986
  ],
  "eval_loss": [
    420.77995456602514,
    389.74825662752477,
    379.24881547137005,
    370.5846134837081,
    358.4053649902344,
    340.97724386075646,
    326.3801256133289,
    315.6357539479325,
    304.15703348299354,
    291.60150459103465,
    280.84654838748094,
    269.3330503882431,
    258.54975466844513,
    248.37513628703792,
    238.36276580066215,
    228.76212455935595,
    218.90876732802974,
    209.7510553871713,
    200.91190282309927,
    191.90997842928257,
    183.1454293599943,
    174.17322387695313,
    165.3673476800686,
    157.0119744277582,
    148.65934180282966,
    140.29283916194265,
    131.7788544445503,
    123.55788317424495,
    116.08042621147342,
    107.70988631829982,
    99.40791235202697,
    91.81873358749762,
    84.40578672827743,
    76.69397743039015,
    69.23274297946837,
    61.68541680312738,
    53.91708573132026,
    47.090473584430974,
    39.48957197608017,
    33.63328237766173,
    25.931667830304402,
    19.392165263106182,
    11.953499138064501,
    5.364928710751418,
    -0.9673327876300346,
    -7.102358940171032,
    -13.842671417608493,
    -19.69115528013648,
    -26.41150732273009,
    -31.73708440268912,
    -38.6668223683427
  ],
  "eval_elbo": [
    -420.77995456602514,
    -389.74825662752477,
    -379.24881547137005,
    -370.5846134837081,
    -358.4053649902344,
    -340.97724386075646,
    -326.3801256133289,
    -315.6357539479325,
    -304.15703348299354,
    -291.60150459103465,
    -280.84654838748094,
    -269.3330503882431,
    -258.54975466844513,
    -248.37513628703792,
    -238.36276580066215,
    -228.76212455935595,
    -218.90876732802974,
    -209.7510553871713,
    -200.91190282309927,
    -191.90997842928257,
    -183.1454293599943,
    -174.17322387695313,
    -165.3673476800686,
    -157.0119744277582,
    -148.65934180282966,
    -140.29283916194265,
    -131.7788544445503,
    -123.55788317424495,
    -116.08042621147342,
    -107.70988631829982,
    -99.40791235202697,
    -91.81873358749762,
    -84.40578672827743,
    -76.69397743039015,
    -69.23274297946837,
    -61.68541680312738,
    -53.91708573132026,
    -47.090473584430974,
    -39.48957197608017,
    -33.63328237766173,
    -25.931667830304402,
    -19.392165263106182,
    -11.953499138064501,
    -5.364928710751418,
    0.9673327876300346,
    7.102358940171032,
    13.842671417608493,
    19.69115528013648,
    26.41150732273009,
    31.73708440268912,
    38.6668223683427
  ],