{
  "pair_indices": [
    [
      580,
      435
    ],
    [
      349,
      184
    ],
    [
      210,
      27
    ],
    [
      51,
      11
    ],
    [
      802,
      1238
    ],
    [
      1126,
      1306
    ],
    [
      1026,
      1097
    ],
    [
      2028,
      1863
    ],
    [
      1797,
      1736
    ],
    [
      1747,
      2003
    ],
    [
      568,
      1670
    ],
    [
      1373,
      5
    ],
    [
      807,
      1755
    ],
    [
      1135,
      68
    ],
    [
      1733,
      359
    ],
    [
      182,
      1767
    ],
    [
      45,
      1108
    ],
    [
      825,
      57
    ],
    [
      16,
      1373
    ],
    [
      526,
      1260
    ],
    [
      498,
      835
    ],
    [
      498,
      1355
    ],
    [
      498,
      833
    ],
    [
      1207,
      1891
    ],
    [
      498,
      840
    ]
  ],
  "euclidean": [
    0.6195325255393982,
    0.19069361686706543,
    0.5767541527748108,
    0.2060723900794983,
    3.7203383445739746,
    2.080733060836792,
    2.6454315185546875,
    2.002422571182251,
    1.095831274986267,
    0.35673806071281433,
    2.4484362602233887,
    1.714759349822998,
    2.1669180393218994,
    2.6710026264190674,
    2.0130155086517334,
    3.419865369796753,
    4.436089992523193,
    3.5060346126556396,
    3.2885117530822754,
    5.788498401641846,
    4.882241725921631,
    4.760436534881592,
    4.90618371963501,
    2.662184953689575,
    4.715553283691406
  ],
  "geodesic": [
    0.8473678309138333,
    0.28886431266380674,
    0.8337214321177836,
    0.252521465305024,
    3.0858951613986427,
    2.0471983210173295,
    2.065918488075301,
    2.754555829861544,
    1.4392337295436852,
    1.0236970994484,
    2.7939960004467963,
    2.6369406373651634,
    2.697662479007886,
    3.4955496423224943,
    3.6755570800400874,
    3.668566702791709,
    6.184184717891276,
    5.404047346403247,
    4.347073388251765,
    7.1444145848012965,
    6.295623882183398,
    5.983995709463611,
    6.337434076872984,
    4.203321714654929,
    5.924307210473835
  ]
}