{
  "train_loss": [
    499.2174086052565,
    400.8007114210117,
    382.27695827460843,
    371.90722809024203,
    361.55881959498294,
    348.4402377881992,
    332.596195244236,
    319.9406556815309,
    309.53480229826056,
    299.4555336902139,
    289.7490840627743,
    280.5600323985639,
    271.1645369197859,
    262.4338615892571,
    253.4126511458512,
    244.64952784201748,
    235.8915532709478,
    225.93709103091732,
    213.33822870312738,
    201.4150609725561,
    191.1476292313237,
    181.2980256691957,
    171.98858120910123,
    163.01800848247078,
    154.12009598542193,
    145.0269761603685,
    136.38097628452547,
    127.64006589300321,
    118.91009873610277,
    110.09453698275873,
    101.61815706655948,
    93.36253402579544,
    84.66315407106728,
    76.52496427319426,
    68.23231537088806,
    60.25435480530009,
    52.42767624627976,
    44.58812588795347,
    36.83424705347008,
    29.055120628832025,
    21.793245119926258,
    13.803722078838046,
    6.459791542118431,
    -0.6248139496688004,
    -7.886064904367822,
    -15.016595260564225,
    -22.041982953510587,
    -28.565515131595227,
    -35.79234696831895,
    -42.4352790264274,
    -49.04925246931549
  ],
  "train_elbo": [
    -499.2174086052565,
    -400.8007114210117,
    -382.27695827460843,
    -371.90722809024203,
    -361.55881959498294,
    -348.4402377881992,
    -332.596195244236,
    -319.9406556815309,
    -309.53480229826056,
    -299.4555336902139,
    -289.7490840627743,
    -280.5600323985639,
    -271.1645369197859,
    -262.4338615892571,
    -253.4126511458512,
    -244.64952784201748,
    -235.8915532709478,
    -225.93709103091732,
    -213.33822870312738,
    -201.4150609725561,
    -191.1476292313237,
    -181.2980256691957,
    -171.98858120910123,
    -163.01800848247078,
    -154.12009598542193,
    -145.0269761603685,
    -136.38097628452547,
    -127.64006589300321,
    -118.91009873610277,
    -110.09453698275873,
    -101.61815706655948,
    -93.36253402579544,
    -84.66315407106728,
    -76.52496427319426,
    -68.23231537088806,
    -60.25435480530009,
    -52.42767624627976,
    -44.58812588795347,
    -36.83424705347008,
    -29.055120628832025,
    -21.793245119926258,
    -13.803722078838046,
    -6.459791542118431,
    0.6248139496688004,
    7.886064904367822,
    15.016595260564225,
    22.041982953510587,
    28.565515131595227,
    35.79234696831895,
    42.4352790264274,
    49.04925246931549
  ],
  "train_recon_log_prob": [
    -497.1066376962068,
    -397.1747350820837,
    -382.1857243911687,
    -371.85354193197213,
    -360.9295173617073,
    -346.51831300616703,
    -329.76250725118524,
    -317.86744635911504,
    -307.0644123603718,
    -297.01166479462375,
    -287.2444670773833,
    -278.0110844389714,
    -268.60096463120755,
    -259.7817116948129,
    -250.79381811866247,
    -242.07576676253433,
    -232.95411624372807,
    -222.7500971234034,
    -209.11489706074363,
    -196.8212345481938,
    -186.59873656853944,
    -176.536131955474,
    -167.37768176478198,
    -158.21661712311126,
    -149.2754352648762,
    -140.14037608983898,
    -131.482911330003,
    -122.52332943088406,
    -113.71812838599796,
    -104.84684024945865,
    -96.29861953232314,
    -88.04512934981685,
    -79.25809858832167,
    -71.09178288311894,
    -62.81582988138164,
    -54.69244192400549,
    -46.82812964843452,
    -38.842668295779944,
    -31.040950861314858,
    -23.35851260593959,
    -15.963393066974495,
    -7.989738026526967,
    -0.5252514164963048,
    6.532964955028306,
    13.910801585922894,
    21.024676713023577,
    28.24862418215499,
    34.676950706230414,
    42.07202351049626,
    48.67064993256323,
    55.34454058319949
  ],
  "train_kl": [
    2.110761593040238,
    3.6259690587191646,
    0.0912294969808706,
    0.05369186402276904,
    0.6292953076380077,
    1.921927279168433,
    2.8336945214696567,
    2.0732038513062494,
    2.4703911474481752,
    2.443867445574284,
    2.504610445618775,
    2.5489650229685763,
    2.563560712031829,
    2.652146227921613,
    2.61883130061903,
    2.5737643637791074,
    2.93743522234161,
    3.1869952434148545,
    4.223335779048002,
    4.593828684535509,
    4.548895663539714,
    4.761896378536946,
    4.610902296608912,
    4.801391148596311,
    4.844661150223169,
    4.886601762457208,
    4.898061986953493,
    5.116739254440289,
    5.191970022315653,
    5.2476973079499745,
    5.3195388529617995,
    5.317405712910188,
    5.405054781754229,
    5.433182024111533,
    5.416486920600118,
    5.56191206211281,
    5.599547596932622,
    5.745457963629083,
    5.793297250046689,
    5.696607963506119,
    5.829852261386075,
    5.81398423862108,
    5.934539874103625,
    5.908151051937005,
    6.02473656569354,
    6.008081099052569,
    6.206641124427246,
    6.111437041826446,
    6.279677368927934,
    6.235371040046142,
    6.29528997581957
  ],
  "eval_loss": [
    424.0508448158822,
    389.9300407595751,
    379.1382910751715,
    369.7778071705888,
    358.1775232826791,
    341.82920532226564,
    326.0952324099657,
    316.0291695943693,
    305.4606339617473,
    295.55674230063835,
    286.33441668254574,
    276.6829814631765,
    267.62372123904345,
    259.07409816834985,
    250.3469482421875,
    241.56751701541063,
    232.6352012076029,
    221.5676398300543,
    208.89981272627668,
    197.57186502596227,
    188.1480820074314,
    178.62973766792112,
    170.29552455995142,
    161.30599238698076,
    152.09557279261148,
    143.89078584996665,
    135.4691663788586,
    127.14046586199504,
    118.32018064173256,
    110.85426620855564,
    102.54807452690311,
    93.67272126732803,
    86.49715200284632,
    77.4526533917683,
    70.22227719934975,
    62.591468085312265,
    54.31577885325362,
    47.04770329173018,
    40.02674212572051,
    33.84937174727277,
    25.521329879760742,
    18.497839811371595,
    12.016688988848431,
    4.807478309259182,
    -0.9456638237325157,
    -7.57551612388797,
    -14.097133148007277,
    -20.794418195398844,
    -25.85483147225729,
    -32.56821473284465,
    -38.40753371075886
  ],
  "eval_elbo": [
    -424.0508448158822,
    -389.9300407595751,
    -379.1382910751715,
    -369.7778071705888,
    -358.1775232826791,
    -341.82920532226564,
    -326.0952324099657,
    -316.0291695943693,
    -305.4606339617473,
    -295.55674230063835,
    -286.33441668254574,
    -276.6829814631765,
    -267.62372123904345,
    -259.07409816834985,
    -250.3469482421875,
    -241.56751701541063,
    -232.6352012076029,
    -221.5676398300543,
    -208.89981272627668,
    -197.57186502596227,
    -188.1480820074314,
    -178.62973766792112,
    -170.29552455995142,
    -161.30599238698076,
    -152.09557279261148,
    -143.89078584996665,
    -135.4691663788586,
    -127.14046586199504,
    -118.32018064173256,
    -110.85426620855564,
    -102.54807452690311,
    -93.67272126732803,
    -86.49715200284632,
    -77.4526533917683,
    -70.22227719934975,
    -62.591468085312265,
    -54.31577885325362,
    -47.04770329173018,
    -40.02674212572051,
    -33.84937174727277,
    -25.521329879760742,
    -18.497839811371595,
    -12.016688988848431,
    -4.807478309259182,
    0.9456638237325157,
    7.57551612388797,
    14.097133148007277,
    20.794418195398844,
    25.85483147225729,
    32.56821473284465,
    38.40753371075886
  ],