{
  "pair_indices": [
    [
      580,
      435
    ],
    [
      349,
      184
    ],
    [
      210,
      27
    ],
    [
      51,
      11
    ],
    [
      802,
      1238
    ],
    [
      1126,
      1306
    ],
    [
      1026,
      1097
    ],
    [
      2028,
      1863
    ],
    [
      1797,
      1736
    ],
    [
      1747,
      2003
    ],
    [
      568,
      1670
    ],
    [
      1373,
      5
    ],
    [
      807,
      1755
    ],
    [
      1135,
      68
    ],
    [
      1733,
      359
    ],
    [
      182,
      1767
    ],
    [
      45,
      1108
    ],
    [
      825,
      57
    ],
    [
      16,
      1373
    ],
    [
      526,
      1260
    ],
    [
      498,
      835
    ],
    [
      498,
      1355
    ],
    [
      498,
      833
    ],
    [
      1207,
      1891
    ],
    [
      498,
      840
    ]
  ],
  "euclidean": [
    0.6931241750717163,
    0.26330411434173584,
    0.5477792620658875,
    0.34278765320777893,
    3.815830945968628,
    1.9876965284347534,
    2.6036880016326904,
    1.6989959478378296,
    0.6975967884063721,
    0.4629863500595093,
    0.7417290806770325,
    2.529198169708252,
    2.2376723289489746,
    1.7536135911941528,
    1.8184107542037964,
    3.096561908721924,
    4.6853461265563965,
    3.9878034591674805,
    2.197352886199951,
    4.4286627769470215,
    4.026493549346924,
    4.021176815032959,
    4.0815911293029785,
    3.7394161224365234,
    3.9602575302124023
  ],
  "geodesic": [
    1.1959373486481135,
    0.9292421315998968,
    1.1070445122526757,
    1.37169692636874,
    3.4650979276748393,
    2.3152244602413927,
    2.193300023893679,
    2.4262687942586676,
    1.1534118357624443,
    1.3398151450259403,
    1.962113958403155,
    3.8937044633924374,
    2.9334352656195715,
    3.38463812850433,
    3.4687058729509532,
    4.743806716519581,
    6.331185361451257,
    5.145437475054224,
    4.039562792018361,
    6.076809699125419,
    5.857312136872168,
    5.828895988296824,
    5.937295046832735,
    4.548608193950672,
    5.762971593132483
  ]
}