{
  "train_loss": [
    500.8797568296775,
    400.94504909492093,
    382.2217204148662,
    371.75911778786536,
    360.57698306874335,
    347.82561845977375,
    332.78606749221376,
    320.5610917572282,
    309.9899696284889,
    299.9309551532452,
    290.0742414425581,
    280.3014839740609,
    271.3694542592553,
    262.2679689102266,
    253.17018129304506,
    242.52256897866945,
    231.40896796481513,
    221.23412465525197,
    211.1025657420921,
    201.24190771827185,
    191.57129580692202,
    182.03358725895959,
    172.83467506343482,
    163.1699465424441,
    153.31051101032486,
    144.02199175302508,
    134.88136982714008,
    126.12115893055376,
    117.55582778241317,
    109.0011954208579,
    100.62237099821023,
    92.21521603464352,
    83.90259176587301,
    75.80672816275386,
    67.76496781010331,
    59.92028949723576,
    52.20041983468192,
    44.1343992650145,
    36.50888854039603,
    28.941348973648015,
    20.98319344526391,
    13.661920853150196,
    6.0299914133563295,
    -1.2414615751040579,
    -8.142575272128113,
    -15.015192724700666,
    -22.495439692440197,
    -29.732355241228227,
    -36.5683595333635,
    -43.5091912545564,
    -50.654901893438726
  ],
  "train_elbo": [
    -500.8797568296775,
    -400.94504909492093,
    -382.2217204148662,
    -371.75911778786536,
    -360.57698306874335,
    -347.82561845977375,
    -332.78606749221376,
    -320.5610917572282,
    -309.9899696284889,
    -299.9309551532452,
    -290.0742414425581,
    -280.3014839740609,
    -271.3694542592553,
    -262.2679689102266,
    -253.17018129304506,
    -242.52256897866945,
    -231.40896796481513,
    -221.23412465525197,
    -211.1025657420921,
    -201.24190771827185,
    -191.57129580692202,
    -182.03358725895959,
    -172.83467506343482,
    -163.1699465424441,
    -153.31051101032486,
    -144.02199175302508,
    -134.88136982714008,
    -126.12115893055376,
    -117.55582778241317,
    -109.0011954208579,
    -100.62237099821023,
    -92.21521603464352,
    -83.90259176587301,
    -75.80672816275386,
    -67.76496781010331,
    -59.92028949723576,
    -52.20041983468192,
    -44.1343992650145,
    -36.50888854039603,
    -28.941348973648015,
    -20.98319344526391,
    -13.661920853150196,
    -6.0299914133563295,
    1.2414615751040579,
    8.142575272128113,
    15.015192724700666,
    22.495439692440197,
    29.732355241228227,
    36.5683595333635,
    43.5091912545564,
    50.654901893438726
  ],
  "train_recon_log_prob": [
    -500.0492413605817,
    -398.6448674650274,
    -382.16945099510406,
    -371.7092528849731,
    -359.7245528485458,
    -345.6444516583677,
    -330.10081886226294,
    -318.5462416205214,
    -307.56615972460696,
    -297.576170719878,
    -287.4993868165255,
    -277.75873033758774,
    -268.7564257201403,
    -259.63597406892694,
    -250.4376745911017,
    -239.33214363219247,
    -227.54942437289543,
    -217.3279289646172,
    -206.94135097182277,
    -196.7830106854002,
    -187.05086631914634,
    -177.38258477328606,
    -168.10006071097686,
    -158.2988036624969,
    -148.28477261907742,
    -139.0828878847525,
    -129.7958248543652,
    -120.93775622282855,
    -112.47665463961087,
    -103.743652474167,
    -95.44833786700089,
    -86.9071297651391,
    -78.59747561313876,
    -70.43354434524555,
    -62.38376751574841,
    -54.37561728695228,
    -46.64695578122168,
    -38.4006780337938,
    -30.91001398601229,
    -23.1911138550848,
    -15.180595890506284,
    -7.858179504145051,
    -0.12426406618148561,
    7.07736143757281,
    14.154160805819817,
    20.998852513211986,
    28.63799535078298,
    35.664258544698306,
    42.79607447250422,
    49.70609039381165,
    57.006904425056284
  ],
  "train_kl": [
    0.8305111399718693,
    2.300194425242288,
    0.05227088108112961,
    0.049859084998586094,
    0.8524322975540627,
    2.1811602441673603,
    2.685245890902658,
    2.014841181017977,
    2.4238158046689806,
    2.3547763789529768,
    2.5748583533970573,
    2.542744163774018,
    2.6130361513340428,
    2.631989347483503,
    2.732505200110076,
    3.1904271210797397,
    3.8595442699134277,
    3.906196242578155,
    4.161211548852979,
    4.458896716726859,
    4.520427174038357,
    4.651007974831904,
    4.734616913056054,
    4.871149014786195,
    5.025736791310293,
    4.939108998201997,
    5.085546294993679,
    5.183401781997401,
    5.079172359135852,
    5.257543542882899,
    5.174033755347843,
    5.308086098332108,
    5.305116405417194,
    5.3731821121895855,
    5.381198959327297,
    5.544674161298516,
    5.553463413019611,
    5.733720992511008,
    5.598874383211427,
    5.750234813480587,
    5.802597368447627,
    5.803741432953813,
    5.9057275547358286,
    5.835899726229564,
    6.011585729899424,
    5.9836595876458505,
    6.142555070884062,
    5.931903370425233,
    6.2277154672131285,
    6.19689912469978,
    6.352002667274522
  ],
  "eval_loss": [
    419.343007455221,
    389.75827830244856,
    379.31793614829456,
    369.880144072742,
    357.86460675495425,
    342.0083722370427,
    326.9875214367378,
    316.37910215796495,
    306.1098863555164,
    295.7575149163967,
    286.2372956066597,
    276.75357755335364,
    267.8312712878716,
    258.99146475443024,
    249.10487246629668,
    237.5902040062881,
    227.53294253465606,
    217.70895192216082,
    207.58502323801923,
    197.74935779106326,
    188.4510904451696,
    178.5422093833365,
    169.79607670481613,
    159.12921410537348,
    150.14782565977515,
    141.91538450659775,
    132.59902358636623,
    124.87026832394484,
    116.30619250041683,
    107.90176034322599,
    99.86792721632051,
    92.31691864758002,
    84.91659944115615,
    76.57753403826457,
    69.35002527004335,
    61.59461517333985,
    54.36138724350348,
    46.796307354438596,
    40.19216952440215,
    32.615600734803735,
    24.88742534358327,
    18.42683243170017,
    10.932985519781345,
    4.685132729134908,
    -1.5452600583797549,
    -8.150845825381396,
    -15.811727723842713,
    -22.32707461845584,
    -27.547673462658395,
    -34.25839191529809,
    -41.22890224921994
  ],
  "eval_elbo": [
    -419.343007455221,
    -389.75827830244856,
    -379.31793614829456,
    -369.880144072742,
    -357.86460675495425,
    -342.0083722370427,
    -326.9875214367378,
    -316.37910215796495,
    -306.1098863555164,
    -295.7575149163967,
    -286.2372956066597,
    -276.75357755335364,
    -267.8312712878716,
    -258.99146475443024,
    -249.10487246629668,
    -237.5902040062881,
    -227.53294253465606,
    -217.70895192216082,
    -207.58502323801923,
    -197.74935779106326,
    -188.4510904451696,
    -178.5422093833365,
    -169.79607670481613,
    -159.12921410537348,
    -150.14782565977515,
    -141.91538450659775,
    -132.59902358636623,
    -124.87026832394484,
    -116.30619250041683,
    -107.90176034322599,
    -99.86792721632051,
    -92.31691864758002,
    -84.91659944115615,
    -76.57753403826457,
    -69.35002527004335,
    -61.59461517333985,
    -54.36138724350348,
    -46.796307354438596,
    -40.19216952440215,
    -32.615600734803735,
    -24.88742534358327,
    -18.42683243170017,
    -10.932985519781345,
    -4.685132729134908,
    1.5452600583797549,
    8.150845825381396,
    15.811727723842713,
    22.32707461845584,
    27.547673462658395,
    34.25839191529809,
    41.22890224921994
  ],