{
  "pair_indices": [
    [
      580,
      435
    ],
    [
      349,
      184
    ],
    [
      210,
      27
    ],
    [
      51,
      11
    ],
    [
      802,
      1238
    ],
    [
      1126,
      1306
    ],
    [
      1026,
      1097
    ],
    [
      2028,
      1863
    ],
    [
      1797,
      1736
    ],
    [
      1747,
      2003
    ],
    [
      568,
      1670
    ],
    [
      1373,
      5
    ],
    [
      807,
      1755
    ],
    [
      1135,
      68
    ],
    [
      1733,
      359
    ],
    [
      182,
      1767
    ],
    [
      45,
      1108
    ],
    [
      825,
      57
    ],
    [
      16,
      1373
    ],
    [
      526,
      1260
    ],
    [
      498,
      835
    ],
    [
      498,
      1355
    ],
    [
      498,
      833
    ],
    [
      1207,
      1891
    ],
    [
      498,
      840
    ]
  ],
  "euclidean": [
    0.5648126602172852,
    0.29000893235206604,
    0.529363214969635,
    0.04008842259645462,
    4.086124897003174,
    2.0650148391723633,
    2.9341301918029785,
    1.0781714916229248,
    1.4778794050216675,
    0.5584753751754761,
    3.62274169921875,
    1.945217251777649,
    2.2922706604003906,
    1.995229721069336,
    1.6938728094100952,
    1.703255534172058,
    3.715331792831421,
    2.784198760986328,
    3.0366673469543457,
    4.396737098693848,
    4.787959575653076,
    5.140613079071045,
    4.787315368652344,
    4.310312271118164,
    5.055629253387451
  ],
  "geodesic": [
    1.3466155525852723,
    1.2003697640232216,
    1.3232136740902807,
    1.1905685231187964,
    3.687223003781336,
    2.4973259930330514,
    2.5691447750531897,
    2.4407536237088636,
    1.7817945484529716,
    1.5413034457974126,
    4.220435589912908,
    3.6054916298451314,
    3.1632473872909666,
    3.2394609499728384,
    3.4101629617631546,
    2.8332259400902178,
    5.826196428145548,
    5.093482449297701,
    4.590280896735787,
    6.097034058483087,
    6.452307993453413,
    6.967798005497157,
    6.457209072906845,
    4.788367066911273,
    6.854069145768845
  ]
}