{
  "train_loss": [
    498.3792271503453,
    397.67342170836434,
    381.49413112318996,
    369.3492521069425,
    353.5057047004374,
    339.0428696703416,
    328.283446930267,
    318.1713394332718,
    308.2446833087702,
    298.28388356638476,
    288.187745817415,
    276.37955173962865,
    264.4056862631997,
    253.98132754594852,
    243.82318560515276,
    234.0979490361662,
    224.52066777826664,
    214.6932383852855,
    205.14147481580648,
    196.0005631033463,
    186.47546913976052,
    177.566162072113,
    168.4996567051926,
    159.50221686543708,
    150.61272427625272,
    142.05083872663525,
    133.52152372367217,
    124.99455977592422,
    116.67690626430861,
    107.9729713747353,
    99.98482235825833,
    92.12182363805898,
    84.0517086732373,
    75.91111686436393,
    67.87241601070642,
    60.11014236431564,
    52.35508064297966,
    44.60623624473264,
    36.855457888126956,
    29.622896662561885,
    21.92870428623297,
    14.274155536996284,
    6.923959185934474,
    -0.16711548454741126,
    -7.269135638179942,
    -14.362214054671254,
    -21.331174505790365,
    -28.272357980264704,
    -35.45373105245923,
    -42.300149156060414
  ],
  "train_elbo": [
    -498.3792271503453,
    -397.67342170836434,
    -381.49413112318996,
    -369.3492521069425,
    -353.5057047004374,
    -339.0428696703416,
    -328.283446930267,
    -318.1713394332718,
    -308.2446833087702,
    -298.28388356638476,
    -288.187745817415,
    -276.37955173962865,
    -264.4056862631997,
    -253.98132754594852,
    -243.82318560515276,
    -234.0979490361662,
    -224.52066777826664,
    -214.6932383852855,
    -205.14147481580648,
    -196.0005631033463,
    -186.47546913976052,
    -177.566162072113,
    -168.4996567051926,
    -159.50221686543708,
    -150.61272427625272,
    -142.05083872663525,
    -133.52152372367217,
    -124.99455977592422,
    -116.67690626430861,
    -107.9729713747353,
    -99.98482235825833,
    -92.12182363805898,
    -84.0517086732373,
    -75.91111686436393,
    -67.87241601070642,
    -60.11014236431564,
    -52.35508064297966,
    -44.60623624473264,
    -36.855457888126956,
    -29.622896662561885,
    -21.92870428623297,
    -14.274155536996284,
    -6.923959185934474,
    0.16711548454741126,
    7.269135638179942,
    14.362214054671254,
    21.331174505790365,
    28.272357980264704,
    35.45373105245923,
    42.300149156060414
  ],
  "train_recon_log_prob": [
    -497.51771252903455,
    -396.3148691552317,
    -381.399418310368,
    -368.24237280392674,
    -351.00423348488533,
    -336.7194614433689,
    -325.8346274053366,
    -315.55685033553686,
    -305.53140333313064,
    -295.4242310390076,
    -285.1629200843373,
    -272.6170277578053,
    -260.21081185253547,
    -249.7157242138016,
    -239.5200466766171,
    -229.57423743689307,
    -220.0901389581962,
    -210.10509981893648,
    -200.44273525512844,
    -191.3581821129581,
    -181.60467724922376,
    -172.71590038853833,
    -163.6434545458746,
    -154.44422271691255,
    -145.58728461446051,
    -136.99807677775513,
    -128.4317339476794,
    -119.80872699891255,
    -111.42325309781364,
    -102.80964386768831,
    -94.7353756710141,
    -86.72739994482242,
    -78.583495590713,
    -70.50326975914439,
    -62.391118973020525,
    -54.65660729600396,
    -46.68644174988017,
    -39.07776205880301,
    -31.06078050308321,
    -23.965957303914685,
    -16.15708387931479,
    -8.336278721089764,
    -1.0763628584706886,
    6.116969228573189,
    13.177711395990281,
    20.374309160188297,
    27.43998232225504,
    34.36574178330045,
    41.61221644642589,
    48.619949410686566
  ],
  "train_kl": [
    0.861521926191118,
    1.358554631753646,
    0.0947235088900041,
    1.1068790762415737,
    2.501479350021325,
    2.3234076942425217,
    2.448813774937966,
    2.614490727947454,
    2.713279354703295,
    2.859648695504418,
    3.024815423730238,
    3.762519812845922,
    4.194872594141698,
    4.265605454916482,
    4.303143191541362,
    4.523709851452428,
    4.430527690566066,
    4.588138547718016,
    4.6987363450838675,
    4.642377773629586,
    4.870791406130762,
    4.850262587760394,
    4.85620148918422,
    5.057998134976342,
    5.025440694066049,
    5.0527615611224235,
    5.089793670454013,
    5.185833012228047,
    5.253654258155124,
    5.16332749249152,
    5.249445293994759,
    5.394422305809273,
    5.4682118988735775,
    5.407847984952077,
    5.481298074035272,
    5.453534292796301,
    5.668638357458243,
    5.5284747372907885,
    5.794676491920183,
    5.6569396194812,
    5.771620541410714,
    5.937876853314075,
    5.847596126016097,
    5.949853933192289,
    5.908575452727712,
    6.012095403613043,
    6.108807481688894,
    6.0933837145385,
    6.1584857654222205,
    6.319800581250872
  ],
  "eval_loss": [
    423.8126606266673,
    389.53080399676065,
    378.27320943692837,
    363.1768841999333,
    346.1412947491902,
    333.91626423161205,
    324.1988556652534,
    313.8964368866711,
    303.85469330578314,
    293.9573164777058,
    283.17908176329075,
    270.7249428353659,
    260.29366574171115,
    250.5188137147485,
    240.88618111959318,
    231.1797809135623,
    221.73022602360422,
    211.65961564226848,
    202.35718391232373,
    193.26204059879953,
    183.74428145245807,
    175.15853747856326,
    166.3513739609137,
    157.54421252739138,
    148.76728671934546,
    140.83442710318215,
    132.44804918242664,
    124.15699678746665,
    116.10237594232326,
    107.8394349261028,
    100.22322439798495,
    92.57247537752477,
    85.79834125797923,
    77.0149253659132,
    69.53708231856183,
    62.037343653236945,
    54.67239727857636,
    47.85352973007574,
    39.968149808558024,
    33.48676078610304,
    25.61112037286526,
    18.784097829679162,
    12.112089901435667,
    5.688798281041588,
    -1.4279118596053706,
    -7.330437539263469,
    -14.016938083927807,
    -20.892791468922685,
    -27.330193291640864,
    -32.66152234891566
  ],
  "eval_elbo": [
    -423.8126606266673,
    -389.53080399676065,
    -378.27320943692837,
    -363.1768841999333,
    -346.1412947491902,
    -333.91626423161205,
    -324.1988556652534,
    -313.8964368866711,
    -303.85469330578314,
    -293.9573164777058,
    -283.17908176329075,
    -270.7249428353659,
    -260.29366574171115,
    -250.5188137147485,
    -240.88618111959318,
    -231.1797809135623,
    -221.73022602360422,
    -211.65961564226848,
    -202.35718391232373,
    -193.26204059879953,
    -183.74428145245807,
    -175.15853747856326,
    -166.3513739609137,
    -157.54421252739138,
    -148.76728671934546,
    -140.83442710318215,
    -132.44804918242664,
    -124.15699678746665,
    -116.10237594232326,
    -107.8394349261028,
    -100.22322439798495,
    -92.57247537752477,
    -85.79834125797923,
    -77.0149253659132,
    -69.53708231856183,
    -62.037343653236945,
    -54.67239727857636,
    -47.85352973007574,
    -39.968149808558024,
    -33.48676078610304,
    -25.61112037286526,
    -18.784097829679162,
    -12.112089901435667,
    -5.688798281041588,
    1.4279118596053706,
    7.330437539263469,
    14.016938083927807,
    20.892791468922685,
    27.330193291640864,
    32.66152234891566
  ],