{
  "pair_indices": [
    [
      580,
      435
    ],
    [
      349,
      184
    ],
    [
      210,
      27
    ],
    [
      51,
      11
    ],
    [
      802,
      1238
    ],
    [
      1126,
      1306
    ],
    [
      1026,
      1097
    ],
    [
      2028,
      1863
    ],
    [
      1797,
      1736
    ],
    [
      1747,
      2003
    ],
    [
      568,
      1670
    ],
    [
      1373,
      5
    ],
    [
      807,
      1755
    ],
    [
      1135,
      68
    ],
    [
      1733,
      359
    ],
    [
      182,
      1767
    ],
    [
      45,
      1108
    ],
    [
      825,
      57
    ],
    [
      16,
      1373
    ],
    [
      526,
      1260
    ],
    [
      498,
      835
    ],
    [
      498,
      1355
    ],
    [
      498,
      833
    ],
    [
      1207,
      1891
    ],
    [
      498,
      840
    ]
  ],
  "euclidean": [
    0.012076233513653278,
    0.08507085591554642,
    0.057138193398714066,
    0.013551682233810425,
    0.013935190625488758,
    0.14606501162052155,
    0.03779681399464607,
    0.0161747969686985,
    0.025632109493017197,
    0.04593493789434433,
    0.05768807232379913,
    0.14590413868427277,
    0.20028285682201385,
    0.11402247101068497,
    0.14459633827209473,
    0.10369950532913208,
    0.49390342831611633,
    0.5463854670524597,
    0.11736524850130081,
    0.3780062794685364,
    0.5807260870933533,
    0.5907883644104004,
    0.5975852608680725,
    0.44113269448280334,
    0.577752947807312
  ],
  "geodesic": [
    1.8312900890349824,
    1.8227878488711151,
    1.8299505134311844,
    1.8377605071916234,
    1.813306366016378,
    1.7879461945325583,
    1.7993372094285864,
    1.8171257972901849,
    1.8289782497307838,
    1.8278264511079472,
    1.8300791020833505,
    1.8240762855070292,
    1.8143342700871499,
    1.8315719321515231,
    1.8226640435422947,
    1.8411041931306817,
    1.8097776818074531,
    1.802707527266563,
    1.822911253421557,
    1.8151770585765301,
    1.8044621050230885,
    1.804632871387234,
    1.8035298387191687,
    1.8111504101276263,
    1.8052968899562254
  ]
}