{
  "train_loss": [
    495.5449657696362,
    398.0070029085227,
    381.80002654544893,
    370.9528032798907,
    357.74377091143447,
    341.6769226595887,
    329.20160243741174,
    318.778557410607,
    308.7897184975127,
    298.9950718769078,
    289.43866667322476,
    280.3757077544309,
    270.5861497816149,
    258.68588372348137,
    245.55679768433063,
    234.78543668381315,
    224.84399684212002,
    215.14233912653103,
    205.91993879194806,
    196.9457828954899,
    187.89893723931505,
    178.90462969918536,
    169.96802899892805,
    161.27390837989594,
    152.26147924849403,
    143.57049078003973,
    135.1942095075335,
    126.65763587625618,
    118.19413901714469,
    109.37484063974085,
    100.98890220260154,
    93.00353186936897,
    85.01070764562586,
    76.38149683466762,
    68.4366189493219,
    60.57543000720796,
    52.697457435803535,
    44.97099241319594,
    37.674508100609785,
    29.75938036852267,
    22.403801714253223,
    14.587436188417186,
    7.576771480550987,
    -0.12637465952080248,
    -7.371913983271672,
    -14.369277529081874,
    -21.247949723650102,
    -28.30270910903502,
    -35.061743909768275,
    -42.22241312476451,
    -48.65420490772588
  ],
  "train_elbo": [
    -495.5449657696362,
    -398.0070029085227,
    -381.80002654544893,
    -370.9528032798907,
    -357.74377091143447,
    -341.6769226595887,
    -329.20160243741174,
    -318.778557410607,
    -308.7897184975127,
    -298.9950718769078,
    -289.43866667322476,
    -280.3757077544309,
    -270.5861497816149,
    -258.68588372348137,
    -245.55679768433063,
    -234.78543668381315,
    -224.84399684212002,
    -215.14233912653103,
    -205.91993879194806,
    -196.9457828954899,
    -187.89893723931505,
    -178.90462969918536,
    -169.96802899892805,
    -161.27390837989594,
    -152.26147924849403,
    -143.57049078003973,
    -135.1942095075335,
    -126.65763587625618,
    -118.19413901714469,
    -109.37484063974085,
    -100.98890220260154,
    -93.00353186936897,
    -85.01070764562586,
    -76.38149683466762,
    -68.4366189493219,
    -60.57543000720796,
    -52.697457435803535,
    -44.97099241319594,
    -37.674508100609785,
    -29.75938036852267,
    -22.403801714253223,
    -14.587436188417186,
    -7.576771480550987,
    0.12637465952080248,
    7.371913983271672,
    14.369277529081874,
    21.247949723650102,
    28.30270910903502,
    35.061743909768275,
    42.22241312476451,
    48.65420490772588
  ],
  "train_recon_log_prob": [
    -492.16237583556307,
    -395.57455768515337,
    -381.7333718696939,
    -370.65596885820884,
    -356.0576447241181,
    -338.8968495798635,
    -327.03888110858327,
    -316.3881427918598,
    -306.3520358391879,
    -296.4383335136814,
    -286.87234467260714,
    -277.78357660202755,
    -267.81370959904893,
    -255.24737287994125,
    -241.26564856821508,
    -230.5756319672488,
    -220.38250544248774,
    -210.79131748446324,
    -201.3843988737635,
    -192.45984967316755,
    -183.3518528641362,
    -174.09861991984795,
    -165.19394902752143,
    -156.48661565722418,
    -147.31747598613137,
    -138.6339594802577,
    -130.28862912430722,
    -121.59584601545508,
    -113.00201442099025,
    -104.24757080637055,
    -95.64945678338317,
    -87.7049058907198,
    -79.52773733919211,
    -71.04403257078886,
    -62.847044053968496,
    -54.972984789055346,
    -47.11363606808095,
    -39.395421383290646,
    -31.879622213715308,
    -23.996217359698882,
    -16.634287458054168,
    -8.757975013847025,
    -1.7021383434279351,
    6.098996939676585,
    13.327959633572197,
    20.38202752706041,
    27.353732089274388,
    34.4473214271741,
    41.31202622764131,
    48.44086984953455,
    54.90881932669652
  ],
  "train_kl": [
    3.382590001901573,
    2.4324439230928783,
    0.0666457128066283,
    0.2968401927796621,
    1.6861327818170717,
    2.780066281447917,
    2.162716163674845,
    2.39040846265716,
    2.4376886962243196,
    2.5567435324555934,
    2.5663255885407166,
    2.592126537737538,
    2.772436934949714,
    3.438514980204376,
    4.291151987618433,
    4.2098030886807285,
    4.461497568822169,
    4.351016740368109,
    4.5355386885385665,
    4.485932071275909,
    4.547085836547926,
    4.806011549864642,
    4.7740825902265795,
    4.787297512003208,
    4.944004695202987,
    4.936534983480079,
    4.905584700960525,
    5.061791262201628,
    5.192123854407752,
    5.127268031403259,
    5.339443563687205,
    5.298626695942675,
    5.4829674291086725,
    5.337463423154875,
    5.589576594849937,
    5.602445910992931,
    5.583820770948361,
    5.575570888426132,
    5.794885305257944,
    5.763163485660949,
    5.769513973240742,
    5.829460969629159,
    5.8746332580789975,
    5.972622214073954,
    5.956045707940182,
    6.012750027671693,
    6.105782648582598,
    6.144612035180768,
    6.250282250917875,
    6.218456872653612,
    6.25461491851434
  ],
  "eval_loss": [
    418.4735105933213,
    389.1933555044779,
    379.0360510849371,
    367.2514828565644,
    351.09651757217034,
    335.60670761480566,
    324.789233100705,
    314.78315504120616,
    304.96359848394627,
    294.93227122237045,
    285.454521365282,
    276.47488239567457,
    266.30931366711127,
    252.9676204774438,
    241.56326978729993,
    231.59323849561738,
    221.71204752107946,
    212.7677310106231,
    203.55992908012576,
    194.3110166968369,
    186.04639758598515,
    177.41745158870046,
    168.69098294886146,
    160.03797428782394,
    151.51951301388624,
    143.49270466129954,
    135.43542659108232,
    127.20741338962462,
    118.52121127989234,
    110.44903274163967,
    102.90966447039348,
    95.46931122570503,
    86.966030213891,
    79.72610514571026,
    72.1448066525343,
    64.29107167313738,
    56.69716277704006,
    50.028859040795304,
    42.70773220527463,
    35.13902087327911,
    28.345299660287253,
    22.01242337110566,
    14.618336514728826,
    7.961386224700183,
    1.2917220092401271,
    -4.488919729139747,
    -10.311046842249429,
    -17.599452302514052,
    -24.349854018048543,
    -30.450696284596514,
    -36.7852742171869
  ],
  "eval_elbo": [
    -418.4735105933213,
    -389.1933555044779,
    -379.0360510849371,
    -367.2514828565644,
    -351.09651757217034,
    -335.60670761480566,
    -324.789233100705,
    -314.78315504120616,
    -304.96359848394627,
    -294.93227122237045,
    -285.454521365282,
    -276.47488239567457,
    -266.30931366711127,
    -252.9676204774438,
    -241.56326978729993,
    -231.59323849561738,
    -221.71204752107946,
    -212.7677310106231,
    -203.55992908012576,
    -194.3110166968369,
    -186.04639758598515,
    -177.41745158870046,
    -168.69098294886146,
    -160.03797428782394,
    -151.51951301388624,
    -143.49270466129954,
    -135.43542659108232,
    -127.20741338962462,
    -118.52121127989234,
    -110.44903274163967,
    -102.90966447039348,
    -95.46931122570503,
    -86.966030213891,
    -79.72610514571026,
    -72.1448066525343,
    -64.29107167313738,
    -56.69716277704006,
    -50.028859040795304,
    -42.70773220527463,
    -35.13902087327911,
    -28.345299660287253,
    -22.01242337110566,
    -14.618336514728826,
    -7.961386224700183,
    -1.2917220092401271,
    4.488919729139747,
    10.311046842249429,
    17.599452302514052,
    24.349854018048543,
    30.450696284596514,
    36.7852742171869
  ],