{
  "pair_indices": [
    [
      580,
      435
    ],
    [
      349,
      184
    ],
    [
      210,
      27
    ],
    [
      51,
      11
    ],
    [
      802,
      1238
    ],
    [
      1126,
      1306
    ],
    [
      1026,
      1097
    ],
    [
      2028,
      1863
    ],
    [
      1797,
      1736
    ],
    [
      1747,
      2003
    ],
    [
      568,
      1670
    ],
    [
      1373,
      5
    ],
    [
      807,
      1755
    ],
    [
      1135,
      68
    ],
    [
      1733,
      359
    ],
    [
      182,
      1767
    ],
    [
      45,
      1108
    ],
    [
      825,
      57
    ],
    [
      16,
      1373
    ],
    [
      526,
      1260
    ],
    [
      498,
      835
    ],
    [
      498,
      1355
    ],
    [
      498,
      833
    ],
    [
      1207,
      1891
    ],
    [
      498,
      840
    ]
  ],
  "euclidean": [
    0.5288939476013184,
    0.2514990568161011,
    0.49333199858665466,
    0.12436407804489136,
    3.5090601444244385,
    1.9747653007507324,
    2.511214256286621,
    1.511572003364563,
    1.041565179824829,
    0.548253059387207,
    1.5658525228500366,
    1.8915513753890991,
    2.64558482170105,
    2.2808003425598145,
    1.6462818384170532,
    4.7883124351501465,
    3.5151236057281494,
    2.3890626430511475,
    3.185673952102661,
    5.0292744636535645,
    4.897116661071777,
    4.972601413726807,
    4.813657283782959,
    3.9763541221618652,
    4.937616348266602
  ],
  "geodesic": [
    1.2456408786862185,
    1.1621338913839903,
    1.170807670275811,
    0.9482939811099589,
    3.12348794595839,
    2.138007129496721,
    2.3863087503305804,
    2.356497620540707,
    1.5377994524862124,
    1.3213045805860715,
    2.302815132569273,
    3.181312989096597,
    2.9618258389226506,
    3.317253588657334,
    2.972549737332913,
    4.709651638681916,
    4.998556500920592,
    3.9519956883009275,
    4.4667304750885695,
    6.147661909070975,
    6.10734910863671,
    6.302945299286738,
    5.984243047868045,
    4.619251286993659,
    6.246534989203045
  ]
}