{
  "train_loss": [
    499.48180190984147,
    399.6925285814446,
    382.1414574703454,
    371.93651516533595,
    361.53016388721954,
    350.1827194344284,
    334.60682363358757,
    321.20185220459877,
    310.3909019684471,
    300.0562985598386,
    290.15325141506173,
    280.60296925229176,
    270.922364846254,
    259.99107224833546,
    247.73461686764298,
    236.8516344342913,
    226.24001985766512,
    215.74562467731107,
    205.6787843809023,
    196.02244355477694,
    186.23980876843424,
    176.8668192023905,
    167.78975693326583,
    159.03181787288233,
    149.91264168130317,
    141.36190389742634,
    132.73208823105062,
    124.09683572212563,
    115.51774072705317,
    107.56324736393707,
    99.38556420555626,
    91.1302966442737,
    83.16107412484976,
    75.31275255252153,
    67.05925686921246,
    58.8076048304892,
    51.30127242837051,
    43.760899167648894,
    36.003933986901366,
    28.442238489786785,
    21.062912665007314,
    13.805329179589128,
    6.385489722311278,
    -0.27617445911971056,
    -7.772130033472082,
    -15.118817330571176,
    -21.826160477485704,
    -29.003380376049595,
    -35.5859875056042,
    -42.87378673064403,
    -49.254961933699576
  ],
  "train_elbo": [
    -499.48180190984147,
    -399.6925285814446,
    -382.1414574703454,
    -371.93651516533595,
    -361.53016388721954,
    -350.1827194344284,
    -334.60682363358757,
    -321.20185220459877,
    -310.3909019684471,
    -300.0562985598386,
    -290.15325141506173,
    -280.60296925229176,
    -270.922364846254,
    -259.99107224833546,
    -247.73461686764298,
    -236.8516344342913,
    -226.24001985766512,
    -215.74562467731107,
    -205.6787843809023,
    -196.02244355477694,
    -186.23980876843424,
    -176.8668192023905,
    -167.78975693326583,
    -159.03181787288233,
    -149.91264168130317,
    -141.36190389742634,
    -132.73208823105062,
    -124.09683572212563,
    -115.51774072705317,
    -107.56324736393707,
    -99.38556420555626,
    -91.1302966442737,
    -83.16107412484976,
    -75.31275255252153,
    -67.05925686921246,
    -58.8076048304892,
    -51.30127242837051,
    -43.760899167648894,
    -36.003933986901366,
    -28.442238489786785,
    -21.062912665007314,
    -13.805329179589128,
    -6.385489722311278,
    0.27617445911971056,
    7.772130033472082,
    15.118817330571176,
    21.826160477485704,
    29.003380376049595,
    35.5859875056042,
    42.87378673064403,
    49.254961933699576
  ],
  "train_recon_log_prob": [
    -497.810783004295,
    -397.2371082794972,
    -382.0854870396802,
    -371.8416420886514,
    -360.6723136482658,
    -348.7412455538981,
    -331.78227876656223,
    -318.75569709898934,
    -307.9097970443185,
    -297.4582965930012,
    -287.4811654003548,
    -277.7313232421875,
    -268.00661117311506,
    -256.69680849478215,
    -243.60147936847767,
    -232.72905877454522,
    -221.76563060793103,
    -211.23154938526642,
    -200.97632242093303,
    -191.33412900745358,
    -181.4691639994527,
    -172.07015436007134,
    -163.02969779549065,
    -154.18467723580943,
    -145.02159455873445,
    -136.38492287064065,
    -127.76243860526544,
    -118.9615241995079,
    -110.50140239263774,
    -102.46783316848625,
    -94.2259260929839,
    -85.90470030136015,
    -77.80989359761332,
    -69.96096754248762,
    -61.78723624279502,
    -53.39164321210067,
    -45.90822419200334,
    -38.312769665095104,
    -30.378312542907192,
    -22.8789278281914,
    -15.418801641871786,
    -8.10449225736625,
    -0.585328615628756,
    6.150161130669935,
    13.607781185480846,
    21.02811150789552,
    27.696741229885227,
    35.009393312409976,
    41.695711231348135,
    48.90567396673964,
    55.43695879739428
  ],
  "train_kl": [
    1.6710158107263264,
    2.455410691171484,
    0.05596581157365125,
    0.09487068347441845,
    0.8578500280450115,
    1.4414709528432808,
    2.824551858017005,
    2.4461566790556297,
    2.481098224246313,
    2.5980056365622124,
    2.67208533059983,
    2.871645754801339,
    2.9157460224934115,
    3.294262025819157,
    4.1331397770962,
    4.122578438676175,
    4.474391598986764,
    4.51407477037665,
    4.702460217970777,
    4.688317098023691,
    4.770643574268681,
    4.796668599958967,
    4.76006616224445,
    4.847139325916258,
    4.891044329083155,
    4.976980762458401,
    4.969646750206767,
    5.135311218699547,
    5.016337501260387,
    5.095413606827658,
    5.159637976915408,
    5.225599389082055,
    5.351178410289052,
    5.351784445281721,
    5.272021513136607,
    5.415962772346096,
    5.393047572637798,
    5.44813122359242,
    5.625621056236481,
    5.563310766394759,
    5.644110457218901,
    5.700836712041909,
    5.800161386147524,
    5.873986550448724,
    5.835651230608296,
    5.909294348496657,
    5.870580670888899,
    6.006013517996912,
    6.109723159245083,
    6.0318866480546705,
    6.181995335952703
  ],
  "eval_loss": [
    420.4704183438929,
    389.87810758265056,
    379.35089721679685,
    370.0243196813072,
    360.77532571932164,
    343.8574824635576,
    327.9469012004573,
    316.52791584294016,
    306.0766311273342,
    295.8166311868807,
    286.15184028439404,
    276.4610436416254,
    266.27858097727704,
    254.34733551769722,
    243.14467230075743,
    232.98759058510385,
    222.12282394781346,
    212.36320986864044,
    202.1905607642197,
    192.73156969023913,
    183.7230173250524,
    174.42695007324218,
    166.25673604825647,
    157.4697102616473,
    148.81857039288778,
    140.07778565941788,
    131.97244858160252,
    123.51638027284204,
    115.7480882225967,
    107.84066456120189,
    99.94771776897151,
    92.3024523107017,
    85.10530696961938,
    76.8694378364377,
    69.25380442549543,
    61.607235717773435,
    54.267569807099136,
    47.56228215287371,
    39.53685753054735,
    32.988754644626525,
    25.524083551546422,
    19.078230722939097,
    12.236945789616282,
    5.97223922450368,
    -1.1543337577726782,
    -8.294790726173215,
    -14.53522354684225,
    -20.670647932843465,
    -26.6088084337188,
    -32.60302238464355,
    -39.442395149789206
  ],
  "eval_elbo": [
    -420.4704183438929,
    -389.87810758265056,
    -379.35089721679685,
    -370.0243196813072,
    -360.77532571932164,
    -343.8574824635576,
    -327.9469012004573,
    -316.52791584294016,
    -306.0766311273342,
    -295.8166311868807,
    -286.15184028439404,
    -276.4610436416254,
    -266.27858097727704,
    -254.34733551769722,
    -243.14467230075743,
    -232.98759058510385,
    -222.12282394781346,
    -212.36320986864044,
    -202.1905607642197,
    -192.73156969023913,
    -183.7230173250524,
    -174.42695007324218,
    -166.25673604825647,
    -157.4697102616473,
    -148.81857039288778,
    -140.07778565941788,
    -131.97244858160252,
    -123.51638027284204,
    -115.7480882225967,
    -107.84066456120189,
    -99.94771776897151,
    -92.3024523107017,
    -85.10530696961938,
    -76.8694378364377,
    -69.25380442549543,
    -61.607235717773435,
    -54.267569807099136,
    -47.56228215287371,
    -39.53685753054735,
    -32.988754644626525,
    -25.524083551546422,
    -19.078230722939097,
    -12.236945789616282,
    -5.97223922450368,
    1.1543337577726782,
    8.294790726173215,
    14.53522354684225,
    20.670647932843465,
    26.6088084337188,
    32.60302238464355,
    39.442395149789206
  ],