{
  "pair_indices": [
    [
      580,
      435
    ],
    [
      349,
      184
    ],
    [
      210,
      27
    ],
    [
      51,
      11
    ],
    [
      802,
      1238
    ],
    [
      1126,
      1306
    ],
    [
      1026,
      1097
    ],
    [
      2028,
      1863
    ],
    [
      1797,
      1736
    ],
    [
      1747,
      2003
    ],
    [
      568,
      1670
    ],
    [
      1373,
      5
    ],
    [
      807,
      1755
    ],
    [
      1135,
      68
    ],
    [
      1733,
      359
    ],
    [
      182,
      1767
    ],
    [
      45,
      1108
    ],
    [
      825,
      57
    ],
    [
      16,
      1373
    ],
    [
      526,
      1260
    ],
    [
      498,
      835
    ],
    [
      498,
      1355
    ],
    [
      498,
      833
    ],
    [
      1207,
      1891
    ],
    [
      498,
      840
    ]
  ],
  "euclidean": [
    0.05140889436006546,
    0.11421715468168259,
    0.08731493353843689,
    0.01856323890388012,
    0.057478614151477814,
    0.15727582573890686,
    0.07172686606645584,
    0.024000484496355057,
    0.03786034882068634,
    0.09579304605722427,
    0.055378373712301254,
    0.20309242606163025,
    0.2795864939689636,
    0.2000933736562729,
    0.1608428806066513,
    0.2520466148853302,
    0.6937472224235535,
    0.7669972777366638,
    0.17573986947536469,
    0.47199174761772156,
    0.762683093547821,
    0.7587133646011353,
    0.7744685411453247,
    0.4120449721813202,
    0.7609595656394958
  ],
  "geodesic": [
    2.128424297690034,
    2.11113490403582,
    2.1207305428627437,
    2.1304080810413666,
    2.0718914416827356,
    2.0322157691327987,
    2.030807094704492,
    2.0817543403889007,
    2.0994142805435274,
    2.0943698250283442,
    2.1121728497056513,
    2.1064987352694744,
    2.0660728950085505,
    2.106027504236897,
    2.1008710326348354,
    2.1184126908959393,
    2.0802667809840925,
    2.0752445995985247,
    2.1050627534623296,
    2.0767582579366235,
    2.0720303300309375,
    2.0720266479413465,
    2.071990402022707,
    2.071104308525578,
    2.0720468993531242
  ]
}