{
  "train_loss": [
    497.06830739450976,
    399.2005341358674,
    382.05198335938695,
    370.2505902300824,
    355.5331065418956,
    340.3738294887892,
    328.75274579952924,
    318.67506619221706,
    308.9019457545764,
    299.0299576047867,
    289.41786404377956,
    279.1913057543856,
    267.407712757078,
    254.61457163306528,
    243.3674083332439,
    233.21016966059386,
    223.6599399068271,
    214.35713413783483,
    205.13849437746228,
    195.89688384227264,
    186.81102053091493,
    177.63265903645237,
    168.63835838979273,
    159.67562392983535,
    150.84480473817632,
    142.31529150137243,
    133.53463645441337,
    125.081665849511,
    116.59975337399959,
    108.43538771968184,
    100.29504482096951,
    91.96312622331146,
    83.87862456790985,
    75.83264769389953,
    67.64664597097916,
    59.76914199717316,
    51.94202284760527,
    43.92873141995571,
    36.767216110695266,
    28.883797623444536,
    21.46417761256552,
    13.87681209415161,
    6.615453736977117,
    -0.6060677592134301,
    -7.679423165699792,
    -14.979514805534093,
    -21.68809563307244,
    -28.757070632207963,
    -35.947300898140895,
    -42.473827017387045,
    -49.0576656001537
  ],
  "train_elbo": [
    -497.06830739450976,
    -399.2005341358674,
    -382.05198335938695,
    -370.2505902300824,
    -355.5331065418956,
    -340.3738294887892,
    -328.75274579952924,
    -318.67506619221706,
    -308.9019457545764,
    -299.0299576047867,
    -289.41786404377956,
    -279.1913057543856,
    -267.407712757078,
    -254.61457163306528,
    -243.3674083332439,
    -233.21016966059386,
    -223.6599399068271,
    -214.35713413783483,
    -205.13849437746228,
    -195.89688384227264,
    -186.81102053091493,
    -177.63265903645237,
    -168.63835838979273,
    -159.67562392983535,
    -150.84480473817632,
    -142.31529150137243,
    -133.53463645441337,
    -125.081665849511,
    -116.59975337399959,
    -108.43538771968184,
    -100.29504482096951,
    -91.96312622331146,
    -83.87862456790985,
    -75.83264769389953,
    -67.64664597097916,
    -59.76914199717316,
    -51.94202284760527,
    -43.92873141995571,
    -36.767216110695266,
    -28.883797623444536,
    -21.46417761256552,
    -13.87681209415161,
    -6.615453736977117,
    0.6060677592134301,
    7.679423165699792,
    14.979514805534093,
    21.68809563307244,
    28.757070632207963,
    35.947300898140895,
    42.473827017387045,
    49.0576656001537
  ],
  "train_recon_log_prob": [
    -493.95577313582686,
    -396.24983884184934,
    -381.9700905004555,
    -369.83033635066107,
    -353.19791536249664,
    -338.1433800032433,
    -326.2809504135188,
    -316.1375663487175,
    -306.1114213172624,
    -296.1433949453053,
    -286.4343533358731,
    -276.1291994646792,
    -263.64497720161785,
    -250.07393790630485,
    -239.10267946571656,
    -228.7708756257035,
    -219.25876799083892,
    -209.850585359939,
    -200.4730250692775,
    -191.36075583657066,
    -182.1663113734952,
    -172.81563895089286,
    -163.85847950098133,
    -154.73118798112694,
    -145.93182639470177,
    -137.30366357749782,
    -128.4715838775821,
    -119.95822247888287,
    -111.46732655433217,
    -103.21927720140916,
    -95.01634313189794,
    -86.58630385067,
    -78.55572050511473,
    -70.29262118869357,
    -62.17439414409782,
    -54.3019290965992,
    -46.375138442303815,
    -38.430366672147905,
    -31.072991977826725,
    -23.173586427364885,
    -15.55918576632955,
    -8.093231590094002,
    -0.6181912561912677,
    6.658739542349791,
    13.641153067750663,
    21.110561140290983,
    27.774998968774145,
    34.8954108288291,
    42.20422875167977,
    48.651364243801986,
    55.37209766746586
  ],
  "train_kl": [
    3.112526746851111,
    2.9506977191592894,
    0.08189274972902841,
    0.42025037402780646,
    2.335178533607641,
    2.2304595349326966,
    2.4717963027138996,
    2.53749090644175,
    2.7905173508384435,
    2.886558718442626,
    2.983503424640977,
    3.0621129680465864,
    3.7627358710227288,
    4.540639813275273,
    4.264729704175677,
    4.4392948313656015,
    4.401172945933173,
    4.506548255645603,
    4.665467742598537,
    4.536128250816075,
    4.644709400787167,
    4.817019793867919,
    4.779879471030136,
    4.944433455647712,
    4.912978420909654,
    5.011628033913972,
    5.063053701095674,
    5.12343858944773,
    5.132422744718372,
    5.216110415802189,
    5.278704005719978,
    5.376822633475466,
    5.322901739160074,
    5.540028502216269,
    5.472253309210287,
    5.467212773068047,
    5.566883599510705,
    5.498365037752741,
    5.69422352270329,
    5.710211009769649,
    5.904991801405128,
    5.783580457480108,
    5.997262510479006,
    6.052671677026993,
    5.961729902633089,
    6.131046543773423,
    6.086903484167488,
    6.138339846707671,
    6.256927429683625,
    6.177537323063255,
    6.314431889153226
  ],
  "eval_loss": [
    421.11031702553356,
    389.4092947610995,
    378.23893804782773,
    363.7249087449981,
    347.98617494164444,
    334.6194789979516,
    325.06554431450076,
    314.57738930306783,
    304.81430291896913,
    294.72516047780107,
    285.1630591415777,
    274.439172214415,
    261.5671476038491,
    250.06473812940644,
    240.08851176936452,
    230.20340062583364,
    220.72359954089654,
    212.11094792063642,
    202.40821570419683,
    193.67342090141483,
    184.70505728372714,
    175.71712594381194,
    167.0258862751286,
    158.15620012981137,
    150.1260446688024,
    141.46429227503336,
    132.83034191596798,
    124.99844981868092,
    116.72760017208937,
    109.11775274509337,
    101.74445060171732,
    93.05749574986899,
    85.1765096152701,
    77.83872963509909,
    70.19696167736518,
    62.49142061559166,
    55.105129558284105,
    47.589173368128336,
    40.3433495498285,
    33.54869792286943,
    26.32481624324147,
    19.259940440480303,
    13.05114744232922,
    6.019882751092678,
    0.018590365386590726,
    -6.5888952185467975,
    -13.508410891090952,
    -20.182195482021424,
    -26.730554096873213,
    -32.66308963124345,
    -39.145775427469395
  ],
  "eval_elbo": [
    -421.11031702553356,
    -389.4092947610995,
    -378.23893804782773,
    -363.7249087449981,
    -347.98617494164444,
    -334.6194789979516,
    -325.06554431450076,
    -314.57738930306783,
    -304.81430291896913,
    -294.72516047780107,
    -285.1630591415777,
    -274.439172214415,
    -261.5671476038491,
    -250.06473812940644,
    -240.08851176936452,
    -230.20340062583364,
    -220.72359954089654,
    -212.11094792063642,
    -202.40821570419683,
    -193.67342090141483,
    -184.70505728372714,
    -175.71712594381194,
    -167.0258862751286,
    -158.15620012981137,
    -150.1260446688024,
    -141.46429227503336,
    -132.83034191596798,
    -124.99844981868092,
    -116.72760017208937,
    -109.11775274509337,
    -101.74445060171732,
    -93.05749574986899,
    -85.1765096152701,
    -77.83872963509909,
    -70.19696167736518,
    -62.49142061559166,
    -55.105129558284105,
    -47.589173368128336,
    -40.3433495498285,
    -33.54869792286943,
    -26.32481624324147,
    -19.259940440480303,
    -13.05114744232922,
    -6.019882751092678,
    -0.018590365386590726,
    6.5888952185467975,
    13.508410891090952,
    20.182195482021424,
    26.730554096873213,
    32.66308963124345,
    39.145775427469395
  ],